Albertville Chamber of Commerce ,U.S. Chamber Member,www.albertvillechamberofcommerce.com,(256)878-3821, 316 Sand Mountain Drive Se," Albertville, AL 35950 ",
Arab Chamber of Commerce ,U.S. Chamber Member,arab-chamber.org,(256)586-3138, PO Box 626," Arab, AL 35016 ",
Atmore Area Chamber of Commerce ,U.S. Chamber Member,www.atmorechamber.com,(251)368-3305, 137 N Main St," Atmore, AL 36502 ",
Auburn Chamber of Commerce ,U.S. Chamber Member,www.auburnchamber.com,(334)887-7011, 714 East Glenn Ave," Auburn, AL 36830 ",
Bessemer Area Chamber of Commerce ,U.S. Chamber Member,www.bessemerchamber.com,(205)425-3253, 321 North 18th St," Bessemer, AL 35020 ",
Birmingham Business Alliance ,U.S. Chamber Member,www.birminghambusinessalliance.com,(205)324-2100," 505 20th Street, N, Suite 200 "," Birmingham, AL 35203 ",
Boaz Area Chamber of Commerce ,U.S. Chamber Member,www.boazchamberofcommerce.com,(256)593-8154, 100 East Bartlett Ave," Boaz, AL 35957 ",
Business Council of Alabama ,U.S. Chamber Member,www.bcatoday.org,(334)834-6000, PO Box 76," Montgomery, AL 36101 ",
Calhoun County Chamber of Commerce ,U.S. Chamber Member,www.calhounchamber.com/,(256)237-3536, PO Box 1087," Anniston, AL 36202 ",4 / 5
Central Baldwin Chamber of Commerce ,U.S. Chamber Member,www.cbchamber.org,(251)947-2626, Po Box 587," Robertsdale, AL 36567 ",
Chamber of Commerce of West Alabama ,U.S. Chamber Member,www.tuscaloosachamber.com,(205)758-7588, 2201 Jack Warner Blvd," Tuscaloosa, AL 35401 ",
Coastal Alabama Business Chamber ,U.S. Chamber Member,www.mygulfcoastchamber.com,(251)968-6904, PO Box 3869," Gulf Shores, AL 36547 ",
Decatur-Morgan County Chamber of Commerce ,U.S. Chamber Member,www.dcc.org,(256)353-0763, 515 6th Avenue NE," Decatur, AL 35601 ",
Dothan Area Chamber of Commerce ,U.S. Chamber Member,www.dothan.com,(334)792-5138, PO Box 638," Dothan, AL 36302 ",5 / 5
East Alabama Chamber of Commerce ,U.S. Chamber Member,,(334)298-3639, Po Box 1326," Phenix City, AL 36868 ",4 / 5
Eastern Shore Chamber of Commerce ,U.S. Chamber Member,www.eschamber.com/,(251)621-8222, 327 Fairhope Ave," Fairhope, AL 36532 ",3 / 5
Enterprise Chamber of Commerce ,U.S. Chamber Member,www.enterprisealabama.com,(334)347-0581, PO Box 310577," Enterprise, AL 36331 ",
Eufaula-Barbour County Chamber of Commerce ,U.S. Chamber Member,www.eufaula-barbourchamber.com/,(334)687-6664, 333 East Broad St," Eufaula, AL 36027 ",
Gardendale Chamber of Commerce ,U.S. Chamber Member,www.gardendalechamberofcommerce.com,(205)631-9195, PO Box 26," Gardendale, AL 35071 ",
Greater Limestone County Chamber of Commerce ,U.S. Chamber Member,www.tourathens.com,(256)232-2600, 101 South Beaty St," Athens, AL 35611 ",
Hartselle Area Chamber of Commerce ,U.S. Chamber Member,www.hartsellechamber.com,(256)773-4370, 110 Railroad Street SW," Hartselle, AL 35640 ",
Huntsville/Madison County Chamber of Commerce ,U.S. Chamber Member,www.hsvchamber.org,(256)535-2000, PO Box 408," Huntsville, AL 35804 ",
Lake Guntersville Chamber of Commerce ,U.S. Chamber Member,www.lakeguntersville.org,(256)582-3612, PO Box 577," Guntersville, AL 35976 ",
Madison Chamber of Commerce ,U.S. Chamber Member,www.madisonalchamber.com,(256)325-8317, 130 Park Square Ln," Madison, AL 35758 ",
Mobile Area Chamber of Commerce ,U.S. Chamber Member,www.mobilechamber.com,(251)433-6951, 451 Government St," Mobile, AL 36602 ",5 / 5
Montgomery Area Chamber of Commerce ,U.S. Chamber Member,www.montgomerychamber.com,(334)834-5200, PO Box 79," Montgomery, AL 36101 ",
Mountain Lakes Chamber of Commerce ,U.S. Chamber Member,www.jacksoncountychamber.com/index.html,(256)259-5500, PO Box 973," Scottsboro, AL 35768 ",
North Baldwin County Chamber of Commerce ,U.S. Chamber Member,www.northbaldwinchamber.com,(251)937-5665, PO Box 310," Bay Minette, AL 36507 ",
Opelika Chamber of Commerce ,U.S. Chamber Member,www.opelika.com,(334)745-4861, PO Box 2366," Opelika, AL 36803 ",4 / 5
Prattville Area Chamber of Commerce ,U.S. Chamber Member,www.prattvillechamber.com,(334)365-7392, 131 North Court St," Prattville, AL 36067 ",
Selma-Dallas County Chamber of Commerce ,U.S. Chamber Member,www.SelmaAlabama.com,(334)875-7241, 912 Selma Ave," Selma, AL 36701 ",
Shoals Chamber of Commerce ,U.S. Chamber Member,www.shoalschamber.com,(256)764-4661, Po Box 1331," Florence, AL 35631 ",4 / 5
South Baldwin Chamber of Commerce ,U.S. Chamber Member,www.southbaldwinchamber.com,(251)943-3291, PO Box 1117," Foley, AL 36536 ",
Sylacauga Chamber of Commerce ,U.S. Chamber Member,www.sylacauga.net,(256)249-0308, 17 West Fort Williams," Sylacauga, AL 35150 ",
The Chamber of Gadsden/Etowah County ,U.S. Chamber Member,www.gadsdenchamber.com,(256)543-3472, One Commerce Sq," Gadsden, AL 35901 ",
Trussville Area Chamber of Commerce ,U.S. Chamber Member,www.trussvillechamber.com,(205)655-7535, 400 Main St," Trussville, AL 35173 ",
Tuskegee Area Chamber of Commerce ,U.S. Chamber Member,www.tuskegeeareachamber.org,(334)727-6619, PO Box 831034," Tuskegee, AL 36083 ",
Wetumpka Area Chamber of Commerce ,U.S. Chamber Member,www.wetumpkachamber.com,(334)567-4811, 110 East Bridge St," Wetumpka, AL 36092 ",
Alexander City Chamber of Commerce ,,www.alexandercity.org,(256)234-3461, 175 Aliant Pkwy," Alexander City, AL 35010 ",
Chamber of Commerce of Walker County ,,www.walkerchamber.us/,(205)384-4571," 204 19th Street East, Suite 101 "," Jasper, AL 35501 ",
Childersburg Chamber of Commerce ,,www.childersburg.com,(256)378-5482, 805 3rd Street SW," Childersburg, AL 35044 ",
Clay County Chamber of Commerce ,,alabamaclaycounty.com,(256)396-2828, PO Box 85," Lineville, AL 36266 ",
Cullman Area Chamber of Commerce ,,www.cullmanchamber.org,(800)313-5114, PO Box 1104," Cullman, AL 35056 ",
Greater Shelby Chamber of Commerce ,,,(205)663-4542, Pelham Depot Ballpark Dr," Pelham, AL 35124 ",
Greater Talladega and Lincoln Area Chamber ,,www.talladegalincolnchamber.com/,(256)362-9075, 210 East Street South," Talladega, AL 35161 ",
Greater Tallassee Area Chamber of Commerce ,,www.tallassee.al.us,(334)283-5151, 10 S Ann Ave," Tallassee, AL 36078 ",
Homewood Chamber of Commerce ,,www.homewoodchamber.org,(205)871-5631, 7 Hollywood Blvd," Homewood, AL 35209 ",
Hoover Chamber of Commerce ,,www.hooverchamber.org,(205)988-5672, PO Box 36005," Hoover, AL 35236 ",
Hueytown Area Chamber of Commerce ,,www.hueytownchamber.com,(205)491-8039," 1320 Hueytown Rd, PO Box 3650 "," Hueytown, AL 35023 ",
Jackson Area Chamber of Commerce ,,www.jacksonalabama.org,(251)246-3251, 500 Commerce St," Jackson, AL 36545 ",
Lawrence County Chamber of Commerce ,,www.lawrencealabama.com,(256)974-1658," 12521 Highway 157, Suite L "," Moulton, AL 35650 ",
Marshall County Convention and Visitors Bureau ,,www.marshallcountycvb.com,(256)582-7015, PO Box 711," Guntersville, AL 35976 ",
Mountain Brook Chamber of Commerce ,,www.mtnbrookchamber.org,(205)871-3779, 101 Hoyt Ln," Mountain Brook, AL 35213 ",
Opp & Covington County Area Chamber of Commerce ,,www.oppchamber.com,(334)493-3070, PO Box 148," Opp, AL 36467 ",
Ozark Area Chamber of Commerce ,,www.ozarkalchamber.com,(334)774-9321, 294 Painter Ave," Ozark, AL 36360 ",
Randolph County Chamber of Commerce ,,www.randolphcountyal.com,(334)863-6612, PO Box 431," Roanoke, AL 36274 ",
Saraland Area Chamber of Commerce ,,www.saralandcoc.com,(251)675-4444, 939 Saraland Blvd. South," Saraland, AL 36571 ",
"South Shelby Chamber of Commerce, Inc. ",,business.southshelbychamber.com,(205)669-9075, PO Box 396," Columbiana, AL 35051 ",
Thomasville Alabama Chamber of Commerce ,,www.thomasvillealchamber.com,(334)636-1542," 138 Wilson Ave, PO Box 44 "," Thomasville, AL 36784 ",
Vestavia Hills Chamber of Commerce ,,www.vestaviahills.org,(205)823-5011, 1975 Merryvale Rd," Vestavia Hills, AL 35216 ",
Washington County Economic Development Initiative ,,washingtoncountyedi.com,(251)847-2214, PO Box 531," Chatom, AL 36518 ",
Abbeville Chamber of Commerce ,,,(334)585-6444, PO Box 202," Abbeville, AL 36310 ",
Andalusia Area Chamber of Commerce ,,www.alaweb.com/~chamber/city.h,(334)222-2030, 1208 W Bypass," Andalusia, AL 36420 ",
Ashford Area Chamber of Commerce ,,,(334)899-4769, PO Box 463," Ashford, AL 36312 ",
Bayou La Batre Chamber of Commerce ,,,(251)824-4088," 308 N Wintzell Ave., P.O. Box 486 "," Bayou la Batre, AL 36509 ",
Bibb County Chamberof Commerce ,,,(205)926-5222, 835 Walnut St.," Centreville, AL 35042 ",
Blount County-Oneonta Chamber of Commerce ,,www.blountoneontachamber.org,(205)274-2153, 225 2nd Ave. East," Oneonta, AL 35121 ",
Bullock County Chamber of Commerce ,,www.unionspringsalabama.com,(334)738-5411," 106 E Conecuh Ave., P.O. Box 203 "," Union Springs, AL 36089 ",
Chamber of Commerce Association of Alabama ,,www.alabamachambers.org,(334)264-2112," 2 North Jackson St, Suite 607 "," Montgomery, AL 36104 ",
Cherokee County Chamber of Commerce ,,www.cherokee-chamber.org,(256)927-8455," 590 E Main St., P.O. Box 86 "," Centre, AL 35960 ",
Choctaw County Chamber of Commerce & Comm. Dev. Fo ,,,(205)459-3459," PO Box 180, 305 South Mulberry Ave "," Butler, AL 36904 ",
Citronelle Economic Developement ,,,(334)866-7973, PO Box 394," Citronelle, AL 36522 ",
Clay Area Chamber of Commerce ,,www.claycoc.com,(205)680-6445, PO Box 26," Clay, AL 35048 ",
Cleburne County Chamber of Commerce ,,,(256)463-2222," 1404 Ross St, P.O. Box 413 "," Heflin, AL 36264 ",
Crenshaw County Chamber of Commerce ,,,(334)335-4468, PO Box 4," Luverne, AL 36049 ",
Dadeville Area Chamber of Commerce ,,www.dadeville.com,(256)825-4019," 345 E Lafayette St, Suite 102 "," Dadeville, AL 36853 ",
Daleville Chamber of Commerce ,,www.daleville-org.com,(334)598-6331," 740 S Daleville Ave., P.O. Box 688 "," Daleville, AL 36322 ",
Dauphin Island Chamber of Commerce ,,,(251)861-5524, PO Box 5," Dauphin Island, AL 36528 ",
Demopolis Area Chamber of Commerce ,,www.demopolischamber.com,(334)289-0270, 102 E Washington," Demopolis, AL 36732 ",
East Walker County Chamber of Commerce ,,,(205)255-0202, PO Box 188," Sumiton, AL 35148 ",
Elba Chamber of Commerce ,,,(334)897-3125, 329 Putnam St," Elba, AL 36323 ",
Eutaw Area Chamber of Commerce ,,,(205)372-9002," 110 Main St., P.O. Box 31 "," Eutaw, AL 35462 ",
Evergreen/Conecuh County Area Chamber of Commerce ,,www.evergreenal.com,(251)578-1707, One Depot Sq," Evergreen, AL 36401 ",
Fairfield Chamber of Commerce ,,,(205)305-5521, PO Box 213," Fairfield, AL 35064 ",
Fayette Area Chamber of Commerce ,,,(205)932-4587," 102 2nd Ave, PO Box 247 "," Fayette, AL 35555 ",
Flomaton Chamber of Commerce ,,,(334)296-2471, PO Box 636," Flomaton, AL 36441 ",
Fort Deposit Chamber of Commerce ,,,(334)227-4242, PO Box 162," Fort Deposit, AL 36032 ",
Fort Payne Chamber of Commerce ,,www.fortpaynechamber.com,(256)845-2741, 300 Gault Ave. N," Fort Payne, AL 35967 ",
Franklin County Chamber of Commerce ,,www.franklincountychamber.org,(256)332-1760, 103 N Jackson Ave.," Russellville, AL 35653 ",
Gardendale Chamber of Commerce ,,www.gardendalechamberofcommerce.com,(205)631-9195, PO Box 26," Gardendale, AL 35071 ",
Gordo Area Chamber of Commerce ,,www.pickens.net/gordochamber,(205)364-7870, PO Box 33," Gordo, AL 35466 ",
Grant Chamber of Commerce ,,www.grantchamberofcommerce.com,(256)728-8800, PO Box 221," Grant, AL 35747 ",
Greater Brewton Area Chamber of Commerce ,,www.brewtonchamber.com,(251)867-3224, 1010-B Douglas Ave," Brewton, AL 36426 ",
Greater Geneva AreaChamber of Commerce ,,www.genevaalabama.com,(334)684-6582," 517 S Commerce St., P.O. Box 477 "," Geneva, AL 36340 ",
Greater Pell City Chamber of Commerce ,,www.pellcity.org,(205)338-3377, 1618 Cogswell Ave.," Pell City, AL 35125 ",
Greater Valley AreaChamber of Commerce ,,,(334)642-1411, 2102 S Broad Ave.," Lanett, AL 36863 ",
Greenville Area Chamber of Commerce ,,www.camelliacity.com,(334)382-3251, One Depot Sq.," Greenville, AL 36037 ",
Grove Hill Area Chamber of Commerce ,,,(251)275-4188," 104 N Jackson St., P.O. Box 567 "," Grove Hill, AL 36451 ",
Haleyville Chamber of Commerce ,,www.haleyvillechamber.org,(205)486-4611, 1200 21st St.," Haleyville, AL 35565 ",
Hamilton Area Chamber of Commerce ,,www.cityofhamilton.org,(205)921-7786, PO Box 1168," Hamilton, AL 35570 ",
Headland Chamber ofCommerce ,,www.headlandal.com,(334)693-3303," 25 Grove St, P.O. Box 236 "," Headland, AL 36345 ",
Leeds Area Chamber of Commerce ,,www.leedsareachamber.com,(205)699-5001," 7901 Parkway Dr, PO Box 900 "," Leeds, AL 35094 ",
Madison Chamber of Commerce ,,,(256)461-0518," 103 Spenryn Dr, Suite 100 "," Madison, AL 35758 ",
Millbrook Area Chamber of Commerce ,,www.millbrookareachamber.com,(334)285-0085, PO Box 353," Millbrook, AL 36054 ",
Montevallo Chamber of Commerce ,,,(205)665-1519, 845 Valley St," Montevallo, AL 35115 ",
Moody Area Chamber of Commerce ,,www.moodyalchamber.com,(205)640-6262, 670 Park Avenue," Moody, AL 35004 ",
Pike County Chamber of Commerce ,,www.pikecoc.com,(334)566-2294, PO Box 249," Troy, AL 36081 ",
Prichard Area Chamber of Commerce ,,www.prichardchamber.com,(251)285-0653, PO Box 10266," Mobile, AL 36610 ",
Prichard Chamber ofCommerce ,,,, PO Box 10266," Prichard, AL 36610 ",
Rainsville Chamber of Commerce ,,,, PO Box 396," Rainsville, AL 35986 ",
Reform Area Chamberof Commerce ,,,," City Hall, P.O. Box 819 "," Reform, AL 35481 ",
South Lamar Area Chamber of Commerce ,,,(205)712-3273, 455 SLS rd," Millport, AL 35576 ",
Southwest Mobile County Chamber of Commerce ,,,(251)666-2488," 5055 Carol Plantation Rd., Mobile "," Mobile, AL 36619 ",
Springville Area Chamber of Commerce ,,,(205)467-2339, 6496 U.S Hwy. 11," Springville, AL 35146 ",
The Chamber Gadsden & Etowah Co ,,,, 1 Commerce Sq," Gadsden, AL 35901 ",
Tri-Cities Chamber of Commerce ,,www.tricities.com,(334)858-6252, 1135 4th St," Florala, AL 36442 ",
Union Springs-bullock County Chamber of Commerce ,,www.usacoc.com,(334)738-2424, 126 Prairie St N," Union Springs, AL 36089 ",
Vernon Chamber of Commerce ,,,(205)695-7718, PO Box 336," Vernon, AL 35592 ",
Wilcox Area Chamber of Commerce ,,www.wilcoxareachamber.org,(334)682-4929, 1001 Earl Hilliard Rd," Camden, AL 36726 ",
Winfield Chamber of Commerce ,,www.winfieldcity.org,(205)487-8841, PO Box 916," Winfield, AL 35594 ",
