"America Brazil Council, INC ",U.S. Chamber Member,www.americabrazilcouncil.org,(786)212-6936, 215 Celebration Place," Celebration, FL 34747 ",
Bonita Springs Area Chamber of Commerce ,U.S. Chamber Member,www.bonitaspringschamber.com,(239)992-2943, 25071 Chamber of Commerce Dr," Bonita Springs, FL 34135 ",5 / 5
Central Palm Beach County Chamber of Commerce ,U.S. Chamber Member,www.cpbchamber.com,(561)790-6200, 12794 Forest Hill Blvd," Wellington, FL 33414 ",
Central Pasco Chamber of Commerce ,U.S. Chamber Member,www.centralpascochamber.com/,(813)909-2722, PO Box 98," Land O' Lakes, FL 34639 ",
Chamber of Commerce of Cape Coral ,U.S. Chamber Member,www.capecoralchamber.com,(239)549-6900, 2051 Cape Coral Pkwy East," Cape Coral, FL 33904 ",
Chamber of Commerce of the Palm Beaches ,U.S. Chamber Member,chamber@palmbeaches.org,(561)833-3711, 401 North Flagler Dr.," West Palm Beach, FL 33401 ",
"Charlotte County Chamber of Commerce, Inc. ",U.S. Chamber Member,,(941)639-2222, 2702 Tamiami Trl," Port Charlotte, FL 33952 ",4 / 5
Clay County Chamber of Commerce ,U.S. Chamber Member,www.claychamber.org,(904)264-2651," 1845 Town Center Blvd, Suite 410 "," Fleming Island, FL 32003 ",
Cocoa Beach Regional Chamber of Commerce ,U.S. Chamber Member,www.cocoabeachchamber.com,(321)459-2200, 400 Fortenberry Rd," Merritt Island, FL 32952 ",
Coral Gables Chamber of Commerce ,U.S. Chamber Member,www.coralgableschamber.org,(305)446-1657, 224 Catalonia Ave.," Coral Gables, FL 33134 ",
Davenport Chamber Of Commerce ,U.S. Chamber Member,Davenportchamber.com,(727)412-3744, 1660 Nina Dr," Davenport, FL 33897 ",
Daytona Regional Chamber of Commerce ,U.S. Chamber Member,www.daytonachamber.com,(386)255-0981, 126 East Orange Ave," Daytona Beach, FL 32114 ",4 / 5
Estero Chamber of Commerce ,U.S. Chamber Member,www.esterochamber.org,(239)948-7990," 10600 Chevrolet Way, Suite 106 "," Estero, FL 33928 ",
Florida Chamber of Commerce ,U.S. Chamber Member,www.flchamber.com,(850)521-1209, 136 South Bronough St," Tallahassee, FL 32301 ",
Fort Myers Beach Chamber of Commerce ,U.S. Chamber Member,fortmyersbeachchamber.org/,(239)454-7500, 1054 5th street," Fort Myers Beach, FL 33931 ",
Gainesville Area Chamber of Commerce ,U.S. Chamber Member,www.gainesvillechamber.com,(352)334-7100," 300 E University Ave, Ste 100 "," Gainesville, FL 32601 ",5 / 5
Greater Boca Raton Chamber of Commerce ,U.S. Chamber Member,www.bocaratonchamber.com,(561)395-4433, 1800 North Dixie Highway," Boca Raton, FL 33432 ",
Greater Fort Lauderdale Chamber of Commerce ,U.S. Chamber Member,www.ftlchamber.com,(954)462-4911, 512 NE Third Ave," Fort Lauderdale, FL 33301 ",
Greater Fort Myers Chamber of Commerce ,U.S. Chamber Member,www.fortmyers.org,(239)332-3624, PO Box 9289," Fort Myers, FL 33902 ",
Greater Fort Walton Beach Chamber of Commerce ,U.S. Chamber Member,www.fwbchamber.org,(850)244-8191, 34 Miracle Strip Parkway SE," Fort Walton Beach, FL 32548 ",
Greater Hernando County Chamber of Commerce ,U.S. Chamber Member,www.hernandochamber.com/,(352)796-0697, 15588 Aviation Loop Dr," Brooksville, FL 34604 ",
Greater Miami Chamber of Commerce ,U.S. Chamber Member,www.miamichamber.com,(305)350-7700," 1601 Biscayne Blvd, Ballroom Level "," Miami, FL 33132 ",
Greater Naples Chamber of Commerce ,U.S. Chamber Member,www.napleschamber.org,(239)262-6376," 2390 Tamiami Trail North, Suite 210 "," Naples, FL 34103 ",
Greater Palm Harbor Area Chamber of Commerce ,U.S. Chamber Member,www.palmharborcc.org/,(727)784-4287, 1151 Nebraska Ave," Palm Harbor, FL 34683 ",
Greater Pensacola Chamber of Commerce ,U.S. Chamber Member,www.pensacolachamber.com,(850)438-4081, PO Box 550," Pensacola, FL 32591 ",
Greater Pompano Beach Chamber of Commerce ,U.S. Chamber Member,www.pompanobeachchamber.com/,(954)941-2940, 2200 E. Atlantic Blvd," Pompano Beach, FL 33062 ",
Greater Sarasota Chamber of Commerce ,U.S. Chamber Member,www.sarasotachamber.org/,(941)955-8187, 1945 Fruitville Rd," Sarasota, FL 34236 ",
Greater Winter Haven Chamber of Commerce ,U.S. Chamber Member,www.winterhavenchamber.com,(863)293-2138, 401 Avenue B NW," Winter Haven, FL 33881 ",5 / 5
Gulf Breeze Area Chamber of Commerce ,U.S. Chamber Member,www.gulfbreezechamber.com,(850)932-7888, PO Box 337," Gulf Breeze, FL 32562 ",
Hispanic Chamber of Commerce of Metro Orlando ,U.S. Chamber Member,www.hccmo.org/,(407)428-5870," 3201 E Colonial Dr, Suite A20 "," Orlando, FL 32803 ",
Jackson County Chamber of Commerce ,U.S. Chamber Member,www.jacksoncounty.com/,(850)482-8060, PO Box 130," Marianna, FL 32447 ",
JAX Chamber ,U.S. Chamber Member,www.myjaxchamber.com/,(904)366-6660, 3 Independent Dr," Jacksonville, FL 32202 ",
Kissimmee/Osceola County Chamber of Commerce ,U.S. Chamber Member,www.kissimmeechamber.com,(407)847-3174, 1425 Vine St," Kissimmee, FL 34744 ",
Lake City-Columbia County Chamber of Commerce ,U.S. Chamber Member,www.lakecitychamber.com,(386)752-3690, 162 South Marion Ave," Lake City, FL 32025 ",
Lakeland Area Chamber of Commerce ,U.S. Chamber Member,www.lakelandchamber.com,(863)688-8551, Po Box 3607," Lakeland, FL 33802 ",5 / 5
Leesburg Area Chamber of Commerce ,U.S. Chamber Member,www.leesburgchamber.com,(352)787-2131, 600 Market St," Leesburg, FL 34748 ",
Manatee Chamber of Commerce ,U.S. Chamber Member,www.manateechamber.com,(941)748-4842, 222 Tenth Street West," Bradenton, FL 34205 ",5 / 5
Melbourne Regional Chamber of East Central Florida ,U.S. Chamber Member,www.melbourneregionalchamber.com,(321)724-5400, 1005 East Strawbridge Ave," Melbourne, FL 32901 ",5 / 5
Miramar-Pembroke Pines Regional Chamber of Commerc ,U.S. Chamber Member,www.MiramarPembrokePines.org,(954)432-9808, 9001-B Pembroke Rd," Hollywood, FL 33025 ",4 / 5
Mount Dora Area Chamber of Commerce ,U.S. Chamber Member,www.mountdora.com,(352)383-2165, 341 Alexander St.," Mount Dora, FL 32757 ",
North Florida Regional Chamber of Commerce ,U.S. Chamber Member,www.northfloridachamber.com,(904)964-5278, 100 E Call St," Starke, FL 32091 ",
Northeast Polk Chamber of Commerce ,U.S. Chamber Member,www.hainescitychamber.com,(863)422-3751, 35610 Highway 27," Haines City, FL 33844 ",
Ocala/Marion County Chamber & Economic Partnership ,U.S. Chamber Member,www.ocalacep.com,(352)629-8051, 310 SE 3rd St," Ocala, FL 34471 ",5 / 5
Orlando Economic Partnership ,U.S. Chamber Member,orlandoedc.com,(407)476-0270," 301 East Pine St, Suite 900 "," Orlando, FL 32801 ",5 / 5
Ormond Beach Chamber of Commerce ,U.S. Chamber Member,www.ormondchamber.com,(386)677-3454, 165 West Granada Blvd," Ormond Beach, FL 32174 ",
Oviedo-Winter Springs Regional Chamber of Commerce ,U.S. Chamber Member,www.oviedowintersprings.org,(407)365-6500, PO Box 621236," Oviedo, FL 32762 ",
Palm Beach North Chamber of Commerce ,U.S. Chamber Member,,(561)746-7111," 5520 PGA Blvd, Suite 200 "," Palm Beach Gardens, FL 33418 ",
Panama City Beach Chamber of Commerce ,U.S. Chamber Member,www.pcbeach.org,(850)235-1159," 309 N Richard Jackson Blvd, Ste 101 "," Panama City Beach, FL 32407 ",
Perdido Key Area Chamber of Commerce ,U.S. Chamber Member,www.perdidochamber.com/,(850)492-4660, 15500 Perdido Key Dr," Pensacola, FL 32507 ",
Port Orange-South Daytona Chamber of Commerce ,U.S. Chamber Member,www.pschamber.com,(386)761-1601, 3431 Ridgewood Ave.," Port Orange, FL 32129 ",
Putnam County Chamber of Commerce ,U.S. Chamber Member,www.putnamcountychamber.org,(386)328-1503, 1100 Reid St," Palatka, FL 32177 ",5 / 5
Sanibel - Captiva Chamber of Commerce ,U.S. Chamber Member,www.sanibel-captiva.org,(239)472-1080, 1159 Causeway Rd," Sanibel, FL 33957 ",
Santa Rosa County Chamber of Commerce ,U.S. Chamber Member,www.srcchamber.com,(850)623-2339, 5247 Stewart St," Milton, FL 32570 ",
Seminole County Regional Chamber of Commerce ,U.S. Chamber Member,www.seminolebusiness.org,(407)708-4600," 1055 AAA Dr, Suite 153 "," Heathrow, FL 32746 ",
South Dade Chamber of Commerce ,U.S. Chamber Member,www.southdadechamber.org/,(305)247-2332, 47 North Krome Ave," Homestead, FL 33030 ",
South Lake Chamber of Commerce ,U.S. Chamber Member,www.southlakechamber-fl.com,(352)394-4191, 620 West Montrose St," Clermont, FL 34711 ",
South Tampa Chamber of Commerce ,U.S. Chamber Member,www.southtampachamber.org,(813)637-0156, 701 S Howard Ave," Tampa, FL 33606 ",
Southeast Volusia Chamber of Commerce ,U.S. Chamber Member,www.sevchamber.com,(386)428-2449, 115 Canal St," New Smyrna Beach, FL 32168 ",
St. Johns County Chamber of Commerce ,U.S. Chamber Member,www.sjcchamber.com/,(904)829-5681, 1 News Pl," Saint Augustine, FL 32086 ",
Sumter County Chamber of Commerce ,U.S. Chamber Member,www.sumterchamber.org/,(352)793-3099, PO Box 426," Lake Panasoffkee, FL 33538 ",
Sun City Center Area Chamber of Commerce ,U.S. Chamber Member,www.suncitycenterchamber.org,(813)634-5111," 1651 Sun City Center Plaza, Suite 117 "," Sun City Center, FL 33573 ",
Tampa Bay Beaches Chamber of Commerce ,U.S. Chamber Member,www.tampabaybeaches.com,(727)360-6957, 6990 Gulf Blvd," Saint Pete Beach, FL 33706 ",
Tampa Bay Chamber ,U.S. Chamber Member,www.tampachamber.com,(813)228-7777, PO Box 420," Tampa, FL 33601 ",5 / 5
Tarpon Springs Chamber of Commerce ,U.S. Chamber Member,www.tarponspringschamber.org,(727)937-6109, 1 N Pinellas Ave," Tarpon Springs, FL 34689 ",
Tavares Chamber of Commerce ,U.S. Chamber Member,www.TavaresChamber.com,(352)343-2531, 300 E Main St," Tavares, FL 32778 ",
Treasure Isl & Madeira Beach Chamber of Commerc ,U.S. Chamber Member,islandneighborschamber.org/,(727)360-4121, 245 107th Avenue," Saint Petersburg, FL 33706 ",
Walton Area Chamber of Commerce ,U.S. Chamber Member,www.waltonareachamber.com,(850)267-0683," 63 S Centre Trl, 63 S Centre Trail "," Santa Rosa Beach, FL 32459 ",
West Orange Chamber of Commerce ,U.S. Chamber Member,wochamber.com,(407)656-1304, 12184 W Colonial Dr," Winter Garden, FL 34787 ",
Winter Park Chamber of Commerce ,U.S. Chamber Member,www.winterpark.org,(407)644-8281, 151 West Lyman Ave," Winter Park, FL 32789 ",
Ybor City Chamber of Commerce ,U.S. Chamber Member,www.ybor.org,(813)248-3712, 1800 E 9th Avenue," Tampa, FL 33605 ",
Amelia Island-Fernandina Beach-Yulee Chamber ,,www.islandchamber.com,(904)261-3248," 961687 Gateway Blvd, Suite 101G "," Amelia Island, FL 32034 ",
Amplify Clearwater Chamber of Commerce ,,www.clearwaterflorida.org/,(727)461-0011," 600 Cleveland St, Suite 200 "," Clearwater, FL 33755 ",
Auburndale Chamber of Commerce ,,www.myauburndalechamber.com,(863)967-3400, 245 East Lake Ave," Auburndale, FL 33823 ",
Bay County Chamber of Commerce ,,www.panamacity.org,(850)215-3758, 235 West 5th St," Panama City, FL 32401 ",
Belle Glade Chamber of Commerce ,,www.bellegladechamber.com,(561)996-2745, 540 South Main St," Belle Glade, FL 33430 ",
Black Chamber of Commerce of Palm Beach ,,www.blackchamberpbc.com,(561)833-1570," 400 Hibiscus St, #200 "," West Palm Beach, FL 33401 ",
Broward County Chamber of Commerce ,,www.browardbiz.com,(954)565-5750," 2000 West Commercial Blvd, Suite 229 "," Fort Lauderdale, FL 33309 ",
Central Pinellas Chamber of Commerce ,,www.centralchamber.biz,(727)584-2321," 801 West Bay Dr, Ste 602 "," Largo, FL 33770 ",
Chamber Approved Inc. ,,www.chamberapproved.com,(954)565-5750," 2000 West Commercial Boulevard, Suite 229 "," Fort Lauderdale, FL 33309 ",
Chamber Of Southwest Florida ,,www.chamber-swflorida.com,(239)275-2102, 5621 Banner Dr," Fort Myers, FL 33912 ",
Chamber South ,,www.chambersouth.com,(305)661-1621, 6410 SW 80th St," South Miami, FL 33143 ",
Citrus County Chamber of Commerce ,,www.citruscountychamber.com/,(352)795-3149, 915 N Suncoast Blvd," Crystal River, FL 34429 ",
Clewiston Chamber of Commerce ,,www.clewistonchamber.com,(863)983-7979, 109 Central Ave," Clewiston, FL 33440 ",
Coral Springs Chamber of Commerce ,,www.cschamber.com/,(954)752-4242, 11805 Heron Bay Blvd," Coral Springs, FL 33076 ",
Crestview Area Chamber of Commerce ,,www.crestviewchamber.com/,(850)682-3212, 1447 Commerce Dr," Crestview, FL 32539 ",
Dade City Chamber of Commerce ,,www.dadecitychamber.org,(352)567-3769, 14112 8th St," Dade City, FL 33525 ",
DeLand Area Chamber of Commerce ,,www.delandchamber.org,(386)734-4331, 120 S Florida Ave," DeLand, FL 32720 ",
Desoto County Chamber of Commerce ,,www.desotochamberfl.com/,(863)494-4033, 16 South Volusia Ave," Arcadia, FL 34266 ",
Destin Area Chamber of Commerce ,,www.destinchamber.com,(850)837-6241," 4484 Legendary Dr, Suite A "," Destin, FL 32541 ",
Dundee Area Chamber of Commerce ,,dundeechamber.org,(863)439-3261, PO Box 241," Dundee, FL 33838 ",
East Lake County Chamber of Commerce ,,elcchamber.com,(352)383-8801, 24214 FL 46," Sorrento, FL 32776 ",
Englewood-Cape Haze Area Chamber of Commerce ,,www.englewoodchamber.com,(941)474-5511, 601 South Indiana Ave," Englewood, FL 34223 ",
Flagler County Chamber of Commerce ,,www.flaglerchamber.org/,(386)437-0106," 20 Airport Rd, Suite C "," Palm Coast, FL 32164 ",
Florida Black Chamber of Commerce ,,www.floridablackchamber.com,(850)525-7916, 421 North Reus St," Pensacola, FL 32501 ",
Greater Bartow Chamber of Commerce ,,www.bartowchamber.com,(863)533-7125, 510 North Broadway Ave," Bartow, FL 33830 ",
Greater Boynton Beach Chamber of Commerce ,,www.boyntonbeach.org,(561)732-9501," 1880 North Congress Ave, Suite 106 "," Boynton Beach, FL 33426 ",
Greater Brandon Chamber of Commerce ,,www.brandonchamber.com,(813)689-1221," 330 Pauls Dr, Suite 100 "," Brandon, FL 33511 ",
Greater Celebration Chamber of Commerce ,,,(321)285-9248," 52 Riley Rd, #313"," Celebration, FL 34747 ",
Greater Delray Beach Chamber of Commerce ,,www.delraybeach.com,(561)278-0424, 140 NE 1st St," Delray Beach, FL 33444 ",
Greater Dunedin Chamber of Commerce ,,www.dunedin-fl.com,(727)733-3197, 301 Main St," Dunedin, FL 34698 ",
Greater Hollywood Chamber of Commerce ,,www.hollywoodchamber.org,(954)923-4000, 330 North Federal Hwy," Hollywood, FL 33020 ",
Greater LaBelle Chamber of Commerce ,,www.labellechamber.com,(863)675-0125, PO Box 456," LaBelle, FL 33975 ",
Greater Lake Placid Chamber of Commerce ,,www.visitlakeplacidflorida.com/,(863)465-4331, 18 North Oak St," Lake Placid, FL 33852 ",
Greater Lehigh Acres Chamber of Commerce ,,www.lehighacreschamber.org,(239)369-3322, PO Box 757," Lehigh Acres, FL 33970 ",
Greater North Miami Beach Chamber of Commerce ,,www.nmbchamber.com,(305)944-8500, 16901 NE 19th Ave," North Miami Beach, FL 33162 ",
Greater Palm Bay Chamber of Commerce ,,www.greaterpalmbaychamber.com,(321)951-9998," 4100 Dixie Highway, NE"," Palm Bay, FL 32905 ",
Greater Plant City Chamber of Commerce ,,www.plantcity.org,(813)754-3707, 106 North Evers St.," Plant City, FL 33563 ",
Greater Plantation Chamber of Commerce ,,www.plantationchamber.org,(954)587-1410, 7401 NW 4th St," Plantation, FL 33317 ",
Greater Sanford Regional Chamber of Commerce ,,www.sanfordchamber.com,(407)322-2212, 400 East First St," Sanford, FL 32771 ",
Greater Sebring Chamber of Commerce ,,www.sebring.org,(863)385-8448, 309 Circle Park Dr," Sebring, FL 33870 ",
Greater Seminole Area Chamber of Commerce ,,www.myseminolechamber.com,(727)392-3245," 9200 113th ST, Ste 1 "," Seminole, FL 33776 ",
Greater Tallahassee Chamber of Commerce ,,www.talchamber.com,(850)224-8116, PO Box 1639," Tallahassee, FL 32302 ",
Greater Zephyrhills Chamber of Commerce ,,www.zephyrhillschamber.org,(813)782-1913, 38550 Fifth Ave," Zephyrhills, FL 33542 ",
Gulf County Chamber of Commerce ,,www.gulfchamber.org,(850)227-1223, 321 B Reid Ave," Port Saint Joe, FL 32456 ",
Hamilton County Chamber of Commerce ,,www.hamiltoncountycoc.com,(386)792-1300," 1153 US Highway 41 NW, Ste 9 "," Jasper, FL 32052 ",
Hobe Sound Chamber of Commerce ,,hobesound.org,(772)546-4724, PO Box 1507," Hobe Sound, FL 33475 ",
Jensen Beach Chamber of Commerce ,,jensenbeachchamber.com/,(772)334-3444, 1960 NE Jensen Beach Blvd," Jensen Beach, FL 34957 ",
Key Largo Chamber of Commerce ,,www.keylargo.org,(305)451-1414, 106000 Overseas Hwy," Key Largo, FL 33037 ",
Lake Eustis Area Chamber of Commerce ,,www.eustischamber.org,(352)357-3434, 1809 South Bay St," Eustis, FL 32726 ",
Lake Wales Area Chamber of Commerce ,,www.lakewaleschamber.com,(863)676-3445, 340 West Central Ave," Lake Wales, FL 33859 ",
Lauderdale-By-The Sea Chamber of Commerce ,,www.lbts.com,(954)776-1000, 4201 Ocean Dr," Lauderdale by the Sea, FL 33308 ",
Lauderhill Regional Chamber of Commerce ,,www.lauderhillcc.com,(954)318-6118, 5557 W Oakland Park Blvd," Lauderhill, FL 33313 ",
Lee County Chamber of Commerce ,,leecountychamber.com,(239)931-0931, PO Box 60834," Fort Myers, FL 33906 ",
Miami Beach Chamber of Commerce ,,www.miamibeachchamber.com,(305)695-6824, 1920 Meridian Ave," Miami Beach, FL 33139 ",
Niceville Valparaiso Chamber of Commerce ,,www.nicevillechamber.com/home/default.asp,(850)678-2323, 1055 East John Sims Pkwy," Niceville, FL 32578 ",
North Dade Regional Chamber of Commerce ,,www.thechamber.cc,(305)690-9123, 2761 N 29th Ave," Hollywood, FL 33020 ",
North Fort Myers Chamber of Commerce ,,www.nfmchamber.com,(239)997-9111, PO Box 3739," Fort Myers, FL 33918 ",
Pahokee Chamber of Commerce ,,www.pahokee.com,(561)924-5579, 115 East Main St," Pahokee, FL 33476 ",
Pensacola Beach Chamber of Commerce ,,www.pensacolabeachchamber.com,(850)932-1500, 7 Casino Beach Boardwalk," Pensacola Beach, FL 32561 ",
Perry-Taylor County Chamber of Commerce ,,www.taylorcountychamber.com,(850)584-5366, PO Box 892," Perry, FL 32348 ",
Pinellas Park/Gateway Chamber of Commerce ,,www.pinellasparkgatewaychamber.com,(727)544-4777, 5851 Park Blvd," Pinellas Park, FL 33781 ",
Punta Gorda Chamber of Commerce ,,www.puntagordachamber.com,(941)639-3720, 252 West Marion Ave," Punta Gorda, FL 33950 ",
Sebastian River Area Chamber of Commerce ,,www.sebastianchamber.com,(772)589-5969, 700 Main St," Sebastian, FL 32958 ",
SouthShore Chamber of Commerce ,,www.southshorechamberofcommerce.org,(813)645-1366, 137 Harbor Village Ln," Apollo Beach, FL 33572 ",
St. Lucie County Chamber of Commerce ,,www.stluciechamber.org,(772)595-9999, 2937 West Midway Rd," Fort Pierce, FL 34981 ",
St. Petersburg Area Chamber of Commerce ,,www.stpete.com,(727)821-4069," 100 Second Avenue North, Suite 150 "," Saint Petersburg, FL 33701 ",
Stuart-Martin County Chamber of Commerce ,,www.goodnature.org,(772)287-1088, 1650 S Kanner Hwy," Stuart, FL 34994 ",
Titusville Area Chamber of Commerce ,,www.titusville.org,(321)267-3036, 2000 South Washington Ave," Titusville, FL 32780 ",
Venice Area Chamber of Commerce ,,www.venicechamber.com,(941)488-2236, 597 Tamiami Trail South," Venice, FL 34285 ",
Washington County Chamber of Commerce ,,www.washcomall.com,(850)638-4157, PO Box 457," Chipley, FL 32428 ",
West Pasco Chamber of Commerce ,,westpasco.com,(727)842-7651, 5443 Main St," New Port Richey, FL 34652 ",
Alachua Chamber of Commerce ,,,(386)462-3333, PO Box 387," Alachua, FL 32616 ",
Anna Maria Island Chamber of Commerce ,,www.annamariaislandchamber.org,(941)778-1541, 5313 Gulf Dr," Holmes Beach, FL 34217 ",
Apalachicola Bay Chamber of Commerce ,,www.baynavigator.com,(850)653-9419, 122 Commerce St," Apalachicola, FL 32320 ",
Apopka Area Chamber of Commerce ,,www.apopkachamber.org,(407)886-1441, 180 E Main St.," Apopka, FL 32703 ",
Aventura Sunny Isles Beach Chamber of Commerce ,,,(305)935-2131," 18305 Biscayne Blvd., 300 "," North Miami Beach, FL 33160 ",
Avon Park Chamber of Commerce ,,www.theapcc.net,(863)453-3350, 28 E Main St," Avon Park, FL 33825 ",
Baker County Chamber of Commerce ,,www.bakerchamberfl.com,(904)259-6433, 20 E Macclenny Ave.," Macclenny, FL 32063 ",
Belleview-South Marion Chamber of Commerce ,,,(352)245-2178, 5331 SE Abshier Blvd.," Belleview, FL 34420 ",
Boca Grande Area Chamber of Commerce ,,bocagrandechamber.com,(941)964-0568, PO Box 704," Boca Grande, FL 33921 ",
Bronson Chamber of Commerce ,,,(352)486-1003, PO Box 1450," Bronson, FL 32621 ",
Calhoun County Chamber of Commerce ,,www.calhounco.org,(850)674-4519," 20816 Central Ave. E, E 2 "," Blountstown, FL 32424 ",4 / 5
Carrabelle Area Chamber of Commerce ,,www.carrabelle.org,(850)697-2585, P.O. Drawer Dd," Carrabelle, FL 32322 ",
Cedar Key Area Chamber of Commerce ,,,(352)543-5600, PO Box 610," Cedar Key, FL 32625 ",
Century Chamber of Commerce ,,,(850)256-3155, PO Box 857," Century, FL 32535 ",
Chamber of Commerce of Okeechobee County ,,www.okeechobeebusiness.com,(863)467-6246, 55 S Parrott Ave.," Okeechobee, FL 34972 ",
Citrus County Chamber of Commerce ,,www.citruscountychamber.com,(352)726-2801, 915 N Suncoast Blvd," Crystal River, FL 34429 ",
City Of Davenport Chamber of Commerce ,,www.davenportchamber.com,(863)421-2105, PO Box 994," Davenport, FL 33836 ",
Clearwater Beach Chamber of Commerce ,,,(727)447-7600, 429 Poinsettia Ave," Clearwater Beach, FL 33767 ",
Coconut Grove Chamber of Commerce ,,www.coconutgrove.com,(305)444-7270," 3059 Grand Ave, Suite 210 "," Miami, FL 33133 ",
Davie Cooper City Chamber of Commerce ,,www.davie-coopercity.org,(954)581-0790," 4801 South University Dr, #2030"," Davie, FL 33328 ",
Daytona Beach Shores Chamber of Commerce ,,www.dbschamber.com,, 3048 S Atlantic Ave.," Daytona Beach, FL 32118 ",
Dixie County Chamber of Commerce ,,www.dixiechamber.org,(352)498-5572, PO Box 547," Cross City, FL 32628 ",
Dunnellon Area Chamber of Commerce ,,www.dunnellonchamber.org,(352)489-2320, 20500 E Pennsylvania Ave.," Dunnellon, FL 34432 ",
Eastern Collier Chamber of Commerce ,,www.easterncollierchamber.com,(239)657-3237," 1300 N 15th St, Ste 2 "," Immokalee, FL 34142 ",
Everglades Area Chamber of Commerce ,,www.florida-everglades.com,(239)695-3941, 32016 Tamiami Trail East," Everglades City, FL 34139 ",
Florida Gold Coast Chamber of Commerce ,,,(305)866-6020, 1100 Kane Concourse," Miami Beach, FL 33154 ",
Florida State Hispanic Chamber of Commerce ,,,(561)513-8096, 4095 State Road 7," Wellington, FL 33449 ",
Fort Meade Chamber of Commerce ,,,(863)285-8253," 214 West Broadway, #B"," Fort Meade, FL 33841 ",
Frostproof Chamber of Commerce ,,www.frostproofchamber.com,(863)635-9112, 11 E Wall St.," Frostproof, FL 33843 ",
Gadsden County Chamber of Commerce ,,www.gadsdenfla.com,(850)627-9231, PO Box 389," Quincy, FL 32353 ",
Gilchrist County Chamber of Commerce ,,www.gilchristcounty.com,(352)463-3467, 220 S Main St.," Trenton, FL 32693 ",
Glades County Chamber of Commerce ,,www.gladesonline.com,(863)946-0440, PO Box 490," Moore Haven, FL 33471 ",
Goldenrod Area Chamber of Commerce ,,www.goldenrodchamber.com,(407)677-5980, PO Box 61," Goldenrod, FL 32733 ",
Greater Chiefland Area Chamber of Commerce ,,www.chieflandchamber.com,(352)493-1849, PO Box 1397," Chiefland, FL 32644 ",
Greater Dania BeachChamber of Commerce ,,www.greaterdania.org,(954)926-2323, 102 W Dania Beach Blvd.," Dania, FL 33004 ",
Greater Davenport Chamber of Commerce ,,,(863)419-3300," 5 Allapaha St., P.O. Box 994 "," Davenport, FL 33836 ",
Greater Deerfield Beach Chamber of Commerce ,,www.deerfieldchamber.com,(954)427-1050, 1601 E Hillsboro Blvd.," Deerfield Beach, FL 33441 ",
Greater Lantana Chamber of Commerce ,,www.lantanachamber.com,(561)585-8664, 212 Iris Ave.," Lake Worth, FL 33462 ",
Greater Marathon Chamber of Commerce ,,www.floridakeysmarathon.com,(305)743-5417, 12222 Overseas Hwy.," Marathon, FL 33050 ",
Greater Miami Shores Chamber of Commerce ,,www.miamishores.com,(305)754-5466, 9701 NE 2nd Ave.," Miami, FL 33138 ",
Greater Mulberry Chamber of Commerce ,,www.mulberrychamber.org,(863)425-4414," 705 N Church Ave., P.O. Box 254 "," Mulberry, FL 33860 ",
Greater Nassau County Chamber of Commerce ,,www.nassaucountyflchamber.com,(904)879-1441," 961687 Gateway Blvd, Suite 101G "," Fernandina Beach, FL 32034 ",
Greater North Miami Chamber of Commerce ,,,(305)891-7811, 13100 W Dixie Hwy.," Miami, FL 33161 ",
Greater Pine IslandChamber of Commerce ,,,(239)283-0888, PO Box 325," Matlacha, FL 33993 ",
Greater Riverview Chamber of Commerce ,,www.riverviewchamber.com,(813)234-5944," 10101 Bloomingdale Ave, Ste 102 "," Riverview, FL 33578 ",
Greater Seffner Area Chamber of Commerce ,,www.seffnerchamber.com,(813)684-4075, PO Box 1920," Seffner, FL 33583 ",
Greater Temple Terrace Chamber of Commerce ,,www.templeterracechamber.com,(813)989-7004, 9385 N 56th St.," Tampa, FL 33617 ",
Hallandale Beach Chamber of Commerce ,,"hallandalebeachchamber.org,pe",(954)454-0541," 400 S Federal Hwy Ste 192, 5 "," Hallandale Beach, FL 33009 ",
Hardee County Chamber of Commerce ,,www.hardeecc.com,(863)773-6967, PO Box 683," Wauchula, FL 33873 ",
Hawthorne Area Chamber of Commerce ,,,(352)481-2432, PO Box 125," Hawthorne, FL 32640 ",
Hialeah CofC & Industry (Latin Chamber) ,,www.hialeahchamber.com,(305)828-9898," 1840 W 49th St., 700 "," Hialeah, FL 33012 ",
High Springs Chamber of Commerce ,,,(386)454-3120, PO Box 863," High Springs, FL 32655 ",
Holly Hill Chamber of Commerce ,,www.hollyhillchamber.com,(386)255-7311, 1066 Ridgewood Ave," Holly Hill, FL 32117 ",
Holmes County Chamber of Commerce ,,,(850)547-6155," 106 E Byrd Ave., P.O. Box 779 "," Bonifay, FL 32425 ",
Immokalee Chamber of Commerce ,,,(239)657-3237, 1255 N 15th St. #3," Immokalee, FL 34142 ",
Indiantown Chamber of Commerce ,,www.indiantownfl.org,(772)597-2184, PO Box 602," Indiantown, FL 34956 ",
Islamorada Chamber of Commerce ,,www.islamoradachamber.com,(305)664-4503, PO Box 915," Islamorada, FL 33036 ",
Jacksonville Beaches CofC & Visitors Center ,,www.myjaxchamber.com,(904)249-3868, 3 Independent Dr," Jacksonville, FL 32202 ",
JAX Chamber of Commerce-Beaches Division ,,www.myjaxchamber.com,(904)273-5366," 1300 Marsh Landing Pkwy, Ste 108 "," Jacksonville Beach, FL 32250 ",
Key Biscayne Chamber of Commerce ,,www.keybiscaynechamber.org,(305)361-5207, 87 W Mcintyre St.," Key Biscayne, FL 33149 ",
Key Biscayne Chamber of Commerce ,,www.keybiscaynechamber.org,(305)361-5207," 88 W Mcintyre St, Ste 100 "," Key Biscayne, FL 33149 ",
Lady Lake Area Chamber of Commerce ,,www.ladylakechamber.com,(352)753-6029, PO Box 1430," Lady Lake, FL 32158 ",
Lafayette County Chamber of Commerce ,,,(386)294-2705, PO Box 416," Mayo, FL 32066 ",
Lake Alfred Chamberof Commerce ,,www.lake-alfred.com,(863)875-7800," 115 E Pomelo St, P.O. Box 956 "," Lake Alfred, FL 33850 ",
Lake Weir Chamber of Commerce ,,welcome.to/lwccc,(352)288-3751," 13125 E Hwy, 25 "," Ocklawaha, FL 32179 ",
Latin Chamber of Commerce of U.S.A. ,,www.camacol.org,(305)642-3870," 1401 W Flagler, P.O. Box 350824 "," Miami, FL 33135 ",
Liberty County Chamber of Commerce ,,,(850)643-2359, PO Box 523," Bristol, FL 32321 ",
Longboat Key Chamber of Commerce ,,www.longboatkeychamber.com,(941)383-2466," 5390 Gulf Of Mexico Dr, Ste 102 "," Longboat Key, FL 34228 ",
Lower Keys Chamber of Commerce ,,www.lowerkeyschamber.com,(305)872-2411, 31020 Overseas Hwy.," Big Pine Key, FL 33043 ",
Madison County Chamber of Commerce ,,www.madisonfl.org,(850)973-2788, 105 N Range St.," Madison, FL 32340 ",
Maitland Area Chamber of Commerce ,,,(407)644-0741, 110 N Maitland Ave.," Maitland, FL 32751 ",
Marco Island Area Chamber of Commerce ,,www.marcoislandchamber.org,(239)394-7549, 1102 N Collier Blvd.," Marco Island, FL 34145 ",
Miami-Dade Chamber of Commerce ,,www.m-dcc.org,(305)751-8648," 9190 Biscayne Blvd., Suite 201"," Miami, FL 33138 ",
Monticello-Jefferson County Chamber of Commerce ,,www.monticellojeffersonfl.com,(850)997-5552, 420 W Washington St.," Monticello, FL 32344 ",
Navarre Beach Area Chamber of Commerce ,,www.navarrechamber.com,(850)939-3267," 2053 Fountain Professional Ct, Suite A "," Navarre, FL 32566 ",
Newberry-jonesville Chamber of Commerce ,,www.newberrychamber.com,(352)472-6611, 25435 W Newberry Rd," Newberry, FL 32669 ",
North Port Area Chamber of Commerce ,,www.northportareachamber.com,(941)426-8744," 2975 Bobcat Village Center Rd., 300 "," North Port, FL 34288 ",
North Tampa Bay Chamber of Commerce ,,www.wesleychapelchamber.com,(813)994-8534," 1868 Highland Oaks Blvd, Suite A "," Lutz, FL 33559 ",
North Tampa Chamber of Commerce ,,www.northtampachamber.com,(813)994-8534," 1868 Highland Oaks Blvd, #A"," Lutz, FL 33559 ",
Palm Beach Chamber of Commerce ,,www.palmbeachchamber.com,(561)655-3282, 45 Cocoanut Row," Palm Beach, FL 33480 ",
Palm City Chamber of Commerce ,,www.palmcity.org,(772)286-8121, 3168 SW Martin Downs Blvd.," Palm City, FL 34990 ",
Palm Coast Chamber of Commerce ,,www.flaglerpcchamber.org,(386)447-4774, One Corporate Dr.," Palm Coast, FL 32137 ",
Perrine Office of the Chamber South ,,,(305)238-7192, 900 Perrine Ave.," Miami, FL 33157 ",
Putnam County Chamber of Commerce-SouthPutnam Bra ,,,(386)328-1503, 1100 Reid St," Palatka, FL 32177 ",
Safety Harbor Chamber of Commerce ,,www.safetyharborchamber.com,(727)726-2890, 200 Main St.," Safety Harbor, FL 34695 ",
Siesta Key Chamber of Commerce ,,www.siestakeychamber.com,(941)349-3800, 5114 Ocean Blvd," Siesta Key, FL 34242 ",
Southwest Florida Hispanic Chamber of Commerce ,,www.hispanicchamberflorida.org,(239)418-1441," 1400 Colonial Blvd, Ste 250 "," Fort Myers, FL 33907 ",
St. Cloud/Greater Osceola Chamber of Commerce ,,www.stcloudchamber.com,(407)892-3671, 1200 New York Ave.," Saint Cloud, FL 34769 ",
Sunrise Chamber of Commerce ,,www.sunrisechamber.org,(954)741-3300, 4237 NW 88th Ave.," Fort Lauderdale, FL 33351 ",
Tamarac Chamber of Commerce ,,www.tamaracchamber.org,(954)722-1520, 8525 W Mcnab Rd.," Fort Lauderdale, FL 33321 ",
The Lauderhill Regional Chamber Of Commerce ,,,, 5557 W Oakland Park Blvd," Lauderhill, FL 33313 ",
Umatilla Chamber ofCommerce ,,,(352)669-3511," 23 S Central Ave., P.O. Box 300 "," Umatilla, FL 32784 ",
Wakulla County Chamber of Commerce ,,www.wakullacounty.org,(850)926-1848, PO Box 598," Crawfordville, FL 32326 ",
Walton County Chamber of Commerce ,,www.waltoncountychamber.com,(850)267-0683, 63 S Centre Trl," Santa Rosa Beach, FL 32459 ",
Wellington Chamber of Commerce ,,www.wellingtonchamber.com,(561)792-6525," 12161 Ken Adams Way, Suite 183 "," Wellington, FL 33414 ",
West Volusia Regional Chamber of Commerce ,,www.chamberofcommerceofwestvol,(386)490-4606, 132 Treemonte Dr," Orange City, FL 32763 ",
Williston Area Chamber of Commerce ,,www.willistonfl.com,(352)528-5552, 607 SW 1st Ave," Williston, FL 32696 ",
Withlacoochee Gulf Area Chamber of Commerce ,,www.inglisyankeetown.org,(352)447-3383, PO Box 427," Inglis, FL 34449 ",
