Bardstown Nelson County Chamber of Commerce ,U.S. Chamber Member,www.bardstownchamber.com,(502)348-9545," 1 Court Sq, #102"," Bardstown, KY 40004 ",
Bowling Green Area Chamber of Commerce ,U.S. Chamber Member,www.bgchamber.com,(270)781-3200, 710 College St," Bowling Green, KY 42102 ",5 / 5
Bullitt County Chamber of Commerce ,U.S. Chamber Member,www.bullittchamber.org,(502)543-6727," 162 S Buckman St, PO BOX 1656 "," Shepherdsville, KY 40165 ",
Christian County Chamber of Commerce ,U.S. Chamber Member,www.christiancountychamber.com,(270)885-9096, 2800 Fort Campbell Blvd," Hopkinsville, KY 42240 ",5 / 5
Commerce Lexington Inc. ,U.S. Chamber Member,www.commercelexington.com,(859)254-4447," 330 E Main St, Suite 100 "," Lexington, KY 40507 ",
Cynthiana-Harrison County Chamber Of Commerce ,U.S. Chamber Member,www.cynthianakychamber.com,(859)234-5236, 141 East Pike Street Suite 3," Cynthiana, KY 41031 ",
Danville-Boyle County Chamber of Commerce ,U.S. Chamber Member,www.danvilleboylechamber.com,(859)236-2361, 105 East Walnut St," Danville, KY 40422 ",
Georgetown-Scott County Chamber of Commerce ,U.S. Chamber Member,www.gtown.org,(502)863-5424, 160 E Main St," Georgetown, KY 40324 ",
"Greater Louisville, Inc. ",U.S. Chamber Member,www.greaterlouisville.com,(502)625-0208," 614 W Main St, Ste 6000 "," Louisville, KY 40202 ",5 / 5
Greater Owensboro Chamber of Commerce ,U.S. Chamber Member,www.chamber.owensboro.com,(270)926-1860, 200 East 3rd St," Owensboro, KY 42302 ",
Henderson Chamber of Commerce ,U.S. Chamber Member,www.kyndle.us,(270)826-9531, PO Box 674," Henderson, KY 42419 ",
Jessamine County Chamber of Commerce ,U.S. Chamber Member,www.jessamine-chamber.com,(859)887-4351, 116 S Main St," Nicholasville, KY 40356 ",
Kentucky Chamber of Commerce ,U.S. Chamber Member,www.kychamber.com,(502)695-4700, 464 Chenault Rd," Frankfort, KY 40601 ",
Logan County Chamber of Commerce ,U.S. Chamber Member,www.loganchamber.com,(270)726-2206, 116 South Main St," Russellville, KY 42276 ",
Mayfield Graves County Chamber of Commerce ,U.S. Chamber Member,www.mayfieldgraveschamber.com,(270)247-6101, 201 East College St," Mayfield, KY 42066 ",
Murray-Calloway County Chamber of Commerce ,U.S. Chamber Member,www.mymurray.com,(270)753-5171, 805 North 12th St.," Murray, KY 42071 ",
Northern Kentucky Chamber of Commerce ,U.S. Chamber Member,www.nkychamber.com,(859)578-8800, PO Box 17416," Fort Mitchell, KY 41017 ",5 / 5
Paducah Area Chamber of Commerce ,U.S. Chamber Member,www.paducahchamber.org,(270)443-1746, PO Box 810," Paducah, KY 42002 ",5 / 5
Richmond Chamber of Commerce ,U.S. Chamber Member,www.richmondchamber.com,(859)623-1720, 201 East Main St," Richmond, KY 40475 ",
Russell County Chamber of Commerce ,U.S. Chamber Member,www.lakecumberlandvacation.com,(270)866-4303, PO Box 64," Russell Springs, KY 42642 ",
Shelby County Chamber of Commerce ,U.S. Chamber Member,,(502)633-1636," 316 Main St., Suite 2 "," Shelbyville, KY 40065 ",
Southeast Kentucky Chamber of Commerce ,U.S. Chamber Member,www.pikecountychamber.org,(606)432-5504, 178 College St," Pikeville, KY 41501 ",
Campbellsville/Taylor County Chamber of Commerce ,,www.campbellsvillechamber.com,(270)465-8601, 205 North Columbia Ave," Campbellsville, KY 42718 ",
Elizabethtown-Hardin County Chamber of Commerce ,,www.etownchamber.org/,(270)765-4334, 111 West Dixie Ave," Elizabethtown, KY 42701 ",
Floyd County Chamber of Commerce ,,www.floydcountykentucky.com/,(606)886-0364," 313 Westminster, Suite 210 "," Prestonsburg, KY 41653 ",
Frankfort Area Chamber of Commerce ,,www.frankfortky.info,(502)223-8261, 100 Capitol Avenue," Frankfort, KY 40601 ",
Franklin-Simpson County Chamber of Commerce ,,www.f-schamber.com,(270)586-7609, PO Box 513," Franklin, KY 42135 ",
Glasgow-Barren County Chamber of Commerce ,,www.glasgowbarrenchamber.com/,(270)651-3161, 118 East Public Sq," Glasgow, KY 42141 ",
Hazard/Perry County Chamber of Commerce ,,www.hazardperrychamber.com,(606)439-2659, 601 Main St," Hazard, KY 41701 ",
London-Laurel County Chamber of Commerce ,,www.londonlaurelchamber.com,(606)864-4789, 409 South Main St," London, KY 40741 ",
Marion County Chamber of Commerce ,,www.lebanon-ky.com,(270)692-2661," 239 North Spalding Ave, Suite 201 "," Lebanon, KY 40033 ",
Marshall County Chamber of Commerce ,,www.marshallcounty.net,(270)527-7665, 17 US Highway 68 West," Benton, KY 42025 ",
Maysville-Mason County Area Chamber of Commerce ,,www.maysvillekentucky.com,(606)564-5534, 201 East 3rd St," Maysville, KY 41056 ",
Morgantown-Butler County Chamber of Comm ,,www.morgantown-ky.com/,(270)526-6827, PO Box 408," Morgantown, KY 42261 ",
Mt. Sterling Chamber of Commerce ,,www.mtsterlingchamber.com,(859)498-5343, 126 West Main St," Mount Sterling, KY 40353 ",
Somerset-Pulaski County Chamber of Commerce ,,www.spcchamber.com/,(606)679-1744," 236 E Mt. Vernon St, Suite 101 "," Somerset, KY 42501 ",
Winchester-Clark County Chamber of Commerce ,,www.winchesterky.com,(859)744-6420, 2 South Maple St," Winchester, KY 40391 ",
Adairville-South Logan Chamber of Commerce ,,www.loganchamber.com,(270)539-6731, PO Box 266," Adairville, KY 42202 ",
Anderson County Chamber of Commerce ,,andersonchamberky.org,(502)839-5564," 100 N Main St, Ste 213 "," Lawrenceburg, KY 40342 ",
Augusta Chamber of Commerce ,,www.augustaky.com,(606)756-2183, PO Box 85," Augusta, KY 41002 ",
Ballard County Chamber of Commerce & Tourism Cente ,,www.ballardchamber.org,(270)665-8277, PO Box 322," La Center, KY 42056 ",
Beattyville/Lee County Chamber of Commerce ,,,(606)464-3631," PO Box 127, Peoples Exchange Pla "," Beattyville, KY 41311 ",
Bell County Chamber of Commerce ,,www.bellcountyworks.com,(606)248-1075, N 20th St.," Middlesboro, KY 40965 ",
Berea Chamber of Commerce ,,chamber.berea.com,(859)986-9760," 926 W Jefferson St., 1 "," Berea, KY 40403 ",
Bracken County Chamber of Commerce ,,,(606)735-3474, PO Box 7," Brooksville, KY 41004 ",
Cadiz-Trigg County Chamber of Commerce ,,www.triggchamber.com,(270)522-0259," 22 Main St., P.O. Box 647 "," Cadiz, KY 42211 ",
Carlisle-Nicholas County Chamber of Commerce ,,,(859)289-6489, PO Box 201," Carlisle, KY 40311 ",
Carroll County Chamber of Commerce ,,www.carrollcountyky.com,(502)732-7034, PO Box 535," Carrollton, KY 41008 ",
Cave City Chamber of Commerce ,,,(270)773-5159, PO Box 460," Cave City, KY 42127 ",
Central City Chamber of Commerce ,,centralcitykychamber.com,(270)754-2360, 208 N 1st St," Central City, KY 42330 ",
Columbia-Adair County Chamber of Commerce ,,www.columbia-adaircounty.com,(270)384-6020, PO Box 116," Columbia, KY 42728 ",
Crittenden County Chamber of Commerce ,,www.marionky.com,(270)965-2266, 217 South Main St," Marion, KY 42064 ",
Cumberland County Chamber of Commerce ,,www.burkesville.com/chamber,(270)864-5890, PO Box 312," Burkesville, KY 42717 ",
Cynthiana-harrison County Chamber of Commerce ,,cynthianaky.com,(859)234-5236, 201 S Main St," Cynthiana, KY 41031 ",
Dawson Springs Chamber of Commerce ,,www.dawsonspringsky.com,(270)797-2781, 301 W Arcadia Avenue," Dawson Springs, KY 42408 ",
Edmonton-Metcalfe County Chamber of Commerce ,,www.metcalfechamber.com,(270)432-3222, PO Box 42," Edmonton, KY 42129 ",
Fleming County Chamber of Commerce ,,,(606)845-1223, PO Box 24," Flemingsburg, KY 41041 ",
Frenchburg/menifee County Chamber of Commerce ,,www.frenchburgmenifee.org,(606)768-9000, PO Box 333," Frenchburg, KY 40322 ",
Gallatin County Chamber of Commerce ,,,(859)567-7900, PO Box 1029," Warsaw, KY 41095 ",
Garrard County Chamber of Commerce ,,www.garrardchamber.com,(859)792-2282, 308 West Maple Ave," Lancaster, KY 40444 ",
Grand Rivers Chamber of Commerce ,,,(270)362-0152, PO Box 181," Grand Rivers, KY 42045 ",
Grant County Chamber of Commerce ,,www.grantcommerce.com,(859)824-3322," PO Box 365, 1350 N. Main St "," Williamstown, KY 41097 ",
Grayson Area Chamber of Commerce ,,www.graysonchamber.org,(606)474-4401, PO Box 612," Grayson, KY 41143 ",
Grayson County Chamber of Commerce ,,www.graysoncountychamber.com,(270)259-5587, 211 S Main St.," Leitchfield, KY 42754 ",
Greater Breckinridge County Chamber of Commerce ,,www.breckinridgecountychamberky.com,(270)756-0268, 224 S Main St," Hardinsburg, KY 40143 ",
Greater Corbin Chamber of Commerce ,,www.corbinky.com,(606)528-6390, 101 N Depot St.," Corbin, KY 40701 ",
Greensburg-Green County Chamber of Commerce ,,www.greensburgonline.com,(270)932-7813, 110 West Court St," Greensburg, KY 42743 ",
Greenville-Muhlenberg County Chamber ofCommerce ,,www.muhlon.com/~chamber,(270)754-2360," 200 Court St., P.O. Box 313 "," Greenville, KY 42345 ",
Hancock County Chamber of Commerce ,,,(270)927-8223, PO Box 404," Hawesville, KY 42348 ",
Harlan County Chamber of Commerce ,,,(606)573-4717," 114 N Cumberland Ave., P.O. Box 268 "," Harlan, KY 40831 ",
Hart County Chamber of Commerce ,,www.hartcountyky.org,(270)524-2892, PO Box 688," Munfordville, KY 42765 ",
Henry County Chamber of Commerce ,,www.henrycountyky.com,(502)845-0806, 955 Elm St," Eminence, KY 40019 ",
Hickman Chamber of Commerce ,,www.hickmankychamber.org,, PO Box 166," Hickman, KY 42050 ",
Hickman County Chamber of Commerce ,,,(270)653-2100, PO Box 152," Clinton, KY 42031 ",
Knox County Chamber of Commerce ,,www.barbourville.com/~chamber,(606)546-4300," 196 Daniel Boone Dr., Suite 205 "," Barbourville, KY 40906 ",
Lake Barkley Chamber of Commerce ,,lakebarkleychamber.com,(270)388-4769, 412 Newman Dr," Eddyville, KY 42038 ",
LaRue County Chamber of Commerce ,,www.laruecountychamber.org,(270)358-3411," 58 Lincoln Sq., P.O. Box 176 "," Hodgenville, KY 42748 ",
Lebanon/marion County Chamber of Commerce ,,www.lebanon-ky.com,(270)692-9594," 239 N Spalding Avenue, # 201 "," Lebanon, KY 40033 ",
Letcher County Chamber of Commerce ,,,(606)633-0310, PO Box 127," Whitesburg, KY 41858 ",
Liberty-Casey County Chamber of Commerce ,,,(606)787-6463, PO Box 278," Liberty, KY 42539 ",
Lincoln County Chamber of Commerce ,,www.lincolncountychamber.com,(606)365-4518, PO Box 394," Stanford, KY 40484 ",
Louisville Area Chamber of Commerce ,,www.louisvilleohchamber.com,(330)875-7371, 614 W Main St," Louisville, KY 40202 ",
Manchester/Clay County Chamber of Commerce ,,,(606)594-0277, 212 Main St.," Manchester, KY 40962 ",
McCreary County Chamber of Commerce ,,mccrearychamber.com,(606)376-5004, PO Box 548," Whitley City, KY 42653 ",
McLean County Chamber of Commerce ,,,(270)273-9760," 297 Main St, P.O. Box 303 "," Calhoun, KY 42327 ",5 / 5
Meade County Area Chamber of Commerce ,,www.meadekychamber.org,(270)422-3626, PO Box 483," Brandenburg, KY 40108 ",
Mercer Chamber of Commerce ,,"www.mercerchamber.com,pioneer",(859)734-2365," 1150 Danville Rd, Suite 100 "," Harrodsburg, KY 40330 ",
Monroe County Chamber of Commerce ,,www.monroecountykychamber.com,(270)487-1314, 202 N Magnolia St.," Tompkinsville, KY 42167 ",
Monticello-Wayne County Chamber of Commerce ,,www.monticellokychamber.com,(606)348-3064," 157 S Main St., City Hall, P.O. Box 566 "," Monticello, KY 42633 ",
Morehead-Rowan County Chamber of Commerce ,,www.moreheadchamber.com,(606)784-6221, 150 E 1st St.," Morehead, KY 40351 ",
Morgan County Chamber of Commerce ,,www.cityofwestliberty.com,(606)743-2300, 565 Main St," West Liberty, KY 41472 ",
Morganfield Chamber of Commerce ,,www.morganfieldchamber.org,(270)389-9777, PO Box 66," Morganfield, KY 42437 ",
Ohio County Chamberof Commerce ,,www.ohiocounty.com,(270)298-3551," 1350 Clay St., P.O. Box 3 "," Hartford, KY 42347 ",
Oldham County Chamber of Commerce ,,www.oldhamcountychamber.com,(502)222-1635, 412 E Main St," La Grange, KY 40031 ",
Olive Hill Area Chamber of Commerce ,,,(606)286-2991, PO Box 1570," Olive Hill, KY 41164 ",
Owingsville-Bath County Chamber of Commerce ,,,(606)674-2266, PO Box 360," Owingsville, KY 40360 ",
Paintsville-JohnsonCounty Chamber of Commerce ,,,," 304 Main St., P.O. Box 629 "," Paintsville, KY 41240 ",
Paris-Bourbon County Chamber of Commerce ,,,(859)987-3205," 525 High St., 114 "," Paris, KY 40361 ",
Pendleton County Chamber of Commerce ,,www.pendletoncountychamber.org,(859)654-4189, 230 Main St," Falmouth, KY 41040 ",
Princeton-Caldwell County Chamber of Commerce ,,,(270)365-5393," 110 W Washington St., P.O. Box 47 "," Princeton, KY 42445 ",
Radcliff-Hardin County Chamber of Commerce ,,www.ltadd.dst.ky.us/radcliff/c,(270)351-4450, 306 N Wilson Rd.," Radcliff, KY 40160 ",
Red River Chamber of Commerce ,,www.kyredriverchamber.com,(606)663-6631, PO Box 1804," Stanton, KY 40380 ",
Scottsville-Allen County Chamber of Commerce ,,www.scottsvilleky.info,(270)237-4782, 102 Public Sq.," Scottsville, KY 42164 ",
Sebree Chamber of Commerce ,,www.sebreechamber.com,(270)835-2201, PO Box 326," Sebree, KY 42455 ",
Springfield/Washington County Chamber of Commerce ,,,(859)336-3810, 112 Cross Main St.," Springfield, KY 40069 ",
St. Matthews Area Chamber of Commerce ,,www.stmatthewschamber.com,(502)899-2523," 133 Evergreen Rd, #203"," Louisville, KY 40243 ",
Sturgis Chamber of Commerce ,,www.sturgisareachamber.com,(270)333-9316, PO Box 125," Sturgis, KY 42459 ",
Taylorsville-Spencer County Chamber of Commerce ,,spencercountykychamber.com,(502)477-8369," 19 E Main St., P.O. Box 555 "," Taylorsville, KY 40071 ",
Tri-City Chamber ofCommerce ,,www.kingdomcome.org,(606)589-5812," 506 W Main St., P.O. Box J "," Cumberland, KY 40823 ",
West Point Chamber of Commerce ,,,(502)922-4505, PO Box 33," West Point, KY 40177 ",
Woodford County Chamber of Commerce ,,www.woodfordchamber-ky.com,(859)873-5122," 190 N Main St, Ste 1 "," Versailles, KY 40383 ",
