Business & Industry Association of New Hampshire ,U.S. Chamber Member,www.biaofnh.com,(603)224-5388, 122 North Main St," Concord, NH 03301 ",
Greater Concord Chamber of Commerce ,U.S. Chamber Member,www.concordnhchamber.com,(603)224-2508," 49 South Main St, Suite 104 "," Concord, NH 03301 ",
Greater Derry Londonderry Chamber of Commerce ,U.S. Chamber Member,www.gdlchamber.org,(603)432-8205, 29 West Broadway," Derry, NH 03038 ",
Greater Salem Chamber of Commerce ,U.S. Chamber Member,www.gschamber.com,(603)893-3177, 81 Main St," Salem, NH 03079 ",
Hillsborough Chamber of Commerce ,U.S. Chamber Member,www.hillsboroughchambernh.com,(603)464-5858, PO Box 541," Hillsborough, NH 03244 ",
Lakes Region Chamber of Commerce ,U.S. Chamber Member,www.lakesregionchamber.org,(603)524-5531, 383 South Main St," Laconia, NH 03246 ",
Androscoggin Valley Chamber of Commerce ,,www.androscogginvalleychamber.com,(603)752-6060, 961 Main St," Berlin, NH 03570 ",
Central NH Chamber of Commerce ,,www.centralnh.org/,(603)726-3804, 12 Vintinner Rd," Campton, NH 03223 ",
Exeter Area Chamber of Commerce ,,www.exeterarea.org,(603)772-2411, 120 Water St," Exeter, NH 03833 ",
Greater Claremont Chamber of Commerce ,,claremontchamberofcommerce.org,(603)543-1296," 24 Opera House Sq, Moody Building Suite 102 "," Claremont, NH 03743 ",
Greater Dover Chamber of Commerce ,,www.dovernh.org,(603)742-2218, 550 Central Ave," Dover, NH 03820 ",
Greater Keene Chamber of Commerce ,,www.keenechamber.com,(603)352-1303, 48 Central Sq," Keene, NH 03431 ",
Greater Manchester Chamber of Commerce ,,www.Manchester-Chamber.org,(603)666-6600, 54 Hanover St," Manchester, NH 03101 ",
Greater Nashua Chamber of Commerce ,,www.nashuachamber.com,(603)881-8333," 142 Main St, 5th Floor "," Nashua, NH 03060 ",
Greater Peterborough Chamber of Commerce ,,www.peterboroughchamber.com/,(603)924-7234, PO Box 401," Peterborough, NH 03458 ",
Greater Portsmouth Chamber of Commerce ,,www.portsmouthchamber.org,(603)610-5517," 500 Market St, Unit 16A "," Portsmouth, NH 03801 ",
Greater Rochester Chamber of Commerce ,,www.rochesternh.org,(603)332-5080, 18 South Main St," Rochester, NH 03867 ",5 / 5
Hampton Beach Area Chamber of Commerce ,,www.hamptonchamber.com/,(603)926-8718, PO Box 790," Hampton, NH 03843 ",
Hanover Area Chamber of Commerce ,,www.hanoverchamber.org,(603)643-3115," 53 S Main St, Ste 208 "," Hanover, NH 03755 ",5 / 5
Hudson Chamber of Commerce ,,www.hudsonchamber.com/,(603)889-4731, 71 Lowell Rd," Hudson, NH 03051 ",
Littleton Area Chamber of Commerce ,,littletonareachambernh.com,(603)444-6561," 107 Main St, Ste 5 "," Littleton, NH 03561 ",
Merrimack Chamber of Commerce ,,www.merrimackchamber.org,(603)424-3669, PO Box 254," Merrimack, NH 03054 ",
Mt. Washington Valley Chamber of Commerce ,,www.mtwashingtonvalley.org,(603)356-5701, PO Box 2300," North Conway, NH 03860 ",
Rindge Chamber of Commerce ,,rindgechamber.org,(603)499-3275, PO Box 911," Rindge, NH 03461 ",
Souhegan Valley Chamber of Commerce ,,www.souhegan.net,(603)673-4360, 69 Route 101A," Amherst, NH 03031 ",
Western White Mountains Chamber of Commerce ,,www.westernwhitemtns.com/,(603)745-6621, PO Box 1017," Lincoln, NH 03251 ",
Wolfeboro Area Chamber of Commerce ,,www.wolfeborochamber.com,(603)569-2200, 32 Central Ave," Wolfeboro, NH 03894 ",
Bethlehem Chamber of Commerce ,,www.bethlehemwhitemtns.com,(603)869-3409," 2182 Main St., P.O. Box 748 "," Bethlehem, NH 03574 ",
Center Harbor-Moultonboro Chamber of Commerce ,,,(603)253-4582, PO Box 824," Center Harbor, NH 03226 ",
Franconia Notch Chamber of Commerce ,,,(603)823-5661," Main St., P.O. Box 780 "," Franconia, NH 03580 ",
Greater Franklin Chamber of Commerce ,,,(603)934-6909, PO Box 464," Franklin, NH 03235 ",
Greater Ossipee Area Chamber of Commerce ,,,(603)651-1600, 127 Rte. 28," Ossipee, NH 03864 ",
Greater SomersworthChamber of Commerce ,,www.somersworthchamber.com,(603)692-7175, 58 High St.," Somersworth, NH 03878 ",
Greater Wakefield Chamber of Commerce ,,www.greaterwakefieldchamber.com,(603)522-6106, PO Box 111," Wakefield, NH 03872 ",
Hooksett Chamber of Commerce ,,www.hooksettchamber.com,(603)836-4720, 1193 Hooksett Rd," Hooksett, NH 03106 ",
Jackson Chamber of Commerce ,,,(603)383-9356, Jackson Falls Market Pl.," Jackson, NH 03846 ",3 / 5
Jaffrey Chamber of Commerce ,,www.jaffreycoc.org,(603)532-4549, PO Box 2," Jaffrey, NH 03452 ",
Lake Sunapee Region Chamber of Commerce ,,www.lakesunapeenh.org,(603)526-6575," 328 Main St, P.O. Box 532 "," New London, NH 03257 ",
Lebanon Area Chamber of Commerce ,,www.lebanonchamber.com,(603)448-1203, 2 South Park St," Lebanon, NH 03766 ",
Lisbon Area Chamberof Commerce ,,,(603)838-6673, 6 S Main St.," Lisbon, NH 03585 ",
Meredith Chamber ofCommerce ,,www.mereditharechamber.com,(603)279-6121, PO Box 732," Meredith, NH 03253 ",
Newfound Region Chamber of Commerce ,,www.newfoundchamber.org,(603)744-2150, PO Box 65," Plymouth, NH 03264 ",
Newport Area Chamber of Commerce ,,,(603)863-1510, 2 N Main St.," Newport, NH 03773 ",
North Country Chamber of Commerce ,,www.northcountrychamber.org,(603)237-8939," 104 Main St, #206, P.O. Box 1 "," Colebrook, NH 03576 ",5 / 5
Northern Gateway Chamber of Commerce ,,,(603)788-2530, PO Box 537," Lancaster, NH 03584 ",
Plymouth Chamber ofCommerce ,,www.plymouthnh.org,(603)536-1001," 1-3 Highland St., P.O. Box 65 "," Plymouth, NH 03264 ",
Twin Mountain-bretton Woods Chamber of Commerce ,,www.twinmountain.org,, PO Box 194," Twin Mountain, NH 03595 ",
Umbagog Area Chamber of Commerce ,,www.umbagogchambercommerce.com,(603)482-3906, PO Box 113," Errol, NH 03579 ",
