Anderson County Chamber of Commerce ,U.S. Chamber Member,www.andersoncountychamber.org,(865)457-2559," 245 North Main St, Suite 200 "," Clinton, TN 37716 ",
Blount County Chamber of Commerce ,U.S. Chamber Member,www.blountchamber.com,(865)983-2241, 201 South Washington St," Maryville, TN 37804 ",5 / 5
Bristol TN/VA Chamber of Commerce ,U.S. Chamber Member,www.bristolchamber.org,(423)989-4850, 20 Volunteer Pkwy," Bristol, TN 37620 ",5 / 5
Chattanooga Area Chamber of Commerce ,U.S. Chamber Member,www.chattanoogachamber.com,(423)756-2121," 811 Broad St, Suite 100 "," Chattanooga, TN 37402 ",5 / 5
Claiborne Economic Partnership ,U.S. Chamber Member,www.claibornecounty.com,(423)626-4149, PO Box 649," Tazewell, TN 37879 ",
Clarksville Area Chamber of Commerce ,U.S. Chamber Member,www.clarksvillechamber.com,(931)647-2331," 25 Jefferson St, Suite 300 "," Clarksville, TN 37040 ",
Cleveland Bradley Chamber of Commerce ,U.S. Chamber Member,www.clevelandchamber.com,(423)472-6587, PO Box 2275," Cleveland, TN 37320 ",4 / 5
Cocke County Partnership/Chamber of Commerce ,U.S. Chamber Member,www.newportcockecountychamber.com,(423)623-7201, 433b Prospect Ave," Newport, TN 37821 ",
Collierville Area Chamber of Commerce ,U.S. Chamber Member,www.colliervillechamber.com/,(901)853-1949, 485 Halle Park Dr.," Collierville, TN 38017 ",
Cookeville-Putnam County Chamber of Commerce ,U.S. Chamber Member,www.cookevillechamber.com,(931)526-2211, 1 West First St," Cookeville, TN 38501 ",4 / 5
Dyersburg/Dyer County Chamber of Commerce ,U.S. Chamber Member,www.dyercountychamber.com/,(731)285-3433, 2000 Commerce Ave," Dyersburg, TN 38024 ",
Elizabethton-Carter County Chamber of Commerce ,U.S. Chamber Member,www.elizabethtonchamber.com,(423)547-3850, PO Box 190," Elizabethton, TN 37644 ",
Fayetteville-Lincoln County Chamber of Commerce ,U.S. Chamber Member,fayettevillelincolncountychamber.com/,(931)433-1234, PO Box 515," Fayetteville, TN 37334 ",
Gallatin Area Chamber of Commerce ,U.S. Chamber Member,www.gallatintn.org,(615)452-4000, 118 Main Street Gallatin," Gallatin, TN 37066 ",
Gatlinburg Chamber of Commerce ,U.S. Chamber Member,www.gatlinburg.com,(865)277-8919, 811 East Pkwy," Gatlinburg, TN 37738 ",
Giles County Chamber of Tourism & Commerce ,U.S. Chamber Member,www.gilescountychamber.com,(931)363-3789, 110 North 2nd St," Pulaski, TN 38478 ",
Goodlettsville Area Chamber of Commerce ,U.S. Chamber Member,www.goodlettsvillechamber.com,(615)859-7979," 100 North Main St, Suite D "," Goodlettsville, TN 37072 ",
Greater Memphis Chamber ,U.S. Chamber Member,www.memphischamber.com,(901)543-3557," 22 North Front St, Suite 200 "," Memphis, TN 38103 ",
Greene County Partnership ,U.S. Chamber Member,www.greenecountypartnership.com,(423)638-4111, 115 Academy St," Greeneville, TN 37743 ",
Hardin County Chamber of Commerce ,U.S. Chamber Member,hardincountychamber.com,(731)925-2363, 495 Main St," Savannah, TN 38372 ",
Hendersonville Area Chamber of Commerce ,U.S. Chamber Member,www.hendersonvillechamber.com,(615)824-2818," 100 Country Club Dr, Suite 104 "," Hendersonville, TN 37075 ",
Humboldt Chamber of Commerce ,U.S. Chamber Member,www.humboldttnchamber.org,(731)784-1842, 1200 West Main St," Humboldt, TN 38343 ",
Jackson Chamber ,U.S. Chamber Member,www.jacksontn.com,(731)423-2200, PO Box 1904," Jackson, TN 38302 ",4 / 5
Johnson City Chamber of Commerce ,U.S. Chamber Member,johnsoncitytnchamber.com/,(423)461-8000, 603 E Market Street," Johnson City, TN 37601 ",5 / 5
Kingsport Area Chamber of Commerce ,U.S. Chamber Member,www.kingsportchamber.org,(423)392-8807," 400 Clinchfield St, Suite 100 "," Kingsport, TN 37660 ",
Knoxville Chamber of Commerce ,U.S. Chamber Member,www.knoxvillechamber.com,(865)246-2607, 17 Market Square# 21," Knoxville, TN 37902 ",5 / 5
Lawrence County Chamber of Commerce ,U.S. Chamber Member,www.selectlawrence.com/,(931)762-4911, 25B Public Sq," Lawrenceburg, TN 38464 ",
Milan Chamber of Commerce ,U.S. Chamber Member,www.milantnchamber.com,(731)686-7494, 1069 South Main St.," Milan, TN 38358 ",
Monroe County Chamber of Commerce ,U.S. Chamber Member,www.monroecountychamber.org,(423)442-4588," 520 Cook St, Ste A "," Madisonville, TN 37354 ",
Morristown Area Chamber of Commerce ,U.S. Chamber Member,www.morristownchamber.com,(423)586-6382, 825 W 1st North Street," Morristown, TN 37814 ",
Mt. Juliet/West Wilson County Chamber of Commerce ,U.S. Chamber Member,www.mjchamber.org,(615)758-3478, 1281 N Mt Juliet Rd," Mount Juliet, TN 37122 ",
Nashville Area Chamber of Commerce ,U.S. Chamber Member,www.nashvillechamber.com,(615)743-3012," 211 Commerce St, Suite 100 "," Nashville, TN 37201 ",
"Oak Ridge Chamber of Commerce, Inc. ",U.S. Chamber Member,www.orcc.org,(865)483-1321, 1400 Oak Ridge Turnpike," Oak Ridge, TN 37830 ",4 / 5
Obion County JEDC ,U.S. Chamber Member,www.obioncounty.org,(731)885-0211, 214 East Church St," Union City, TN 38261 ",
Paris-Henry County Chamber of Commerce ,U.S. Chamber Member,www.paristnchamber.com,(731)642-3431, 2508 East Wood St," Paris, TN 38242 ",
Pigeon Forge Chamber of Commerce ,U.S. Chamber Member,www.pigeonforgechamber.com,(865)453-5700, 231 Dollywood Ln," Pigeon Forge, TN 37863 ",
Portland Chamber of Commerce ,U.S. Chamber Member,www.portlandtn.com,(615)325-9032, 106 Main St," Portland, TN 37148 ",
Roane County Chamber of Commerce ,U.S. Chamber Member,www.roanealliance.org/,(865)376-5572, 1209 N Kentucky St," Kingston, TN 37763 ",
Robertson County Chamber of Commerce ,U.S. Chamber Member,www.springfieldtennchamber.org,(615)384-3800, 503 West Court Square," Springfield, TN 37172 ",
Sevierville Chamber of Commerce ,U.S. Chamber Member,www.seviervillechamber.com,(865)453-6411, 110 Gary Wade Blvd," Sevierville, TN 37862 ",
Sparta-White County Chamber of Commerce ,U.S. Chamber Member,spartatnchamber.com/,(931)836-3552, 16 W Bockman Way," Sparta, TN 38583 ",
Tennessee Chamber of Commerce & Industry ,U.S. Chamber Member,www.tnchamber.org,(615)256-5141," 414 Union St, Suite 107 "," Nashville, TN 37219 ",
Williamson County Chamber of Commerce ,U.S. Chamber Member,williamsonchamber.com,(615)771-1912," 5005 Meridian Blvd, Suite 150 "," Franklin, TN 37067 ",
Athens Area Chamber of Commerce ,,www.athenschamber.org,(423)745-0334, 13 North Jackson St," Athens, TN 37303 ",
Bartlett Area Chamber of Commerce ,,www.bartlettchamber.org,(901)372-9457, 2969 Elmore Park Rd," Memphis, TN 38134 ",
Benton County/Camden Chamber of Commerce ,,bentoncountycamden.com,(731)584-8395, 266 Highway 641 North," Camden, TN 38320 ",
Campbell County Chamber of Commerce ,,www.campbellcountychamber.com,(423)566-0329, PO Box 305," Jacksboro, TN 37757 ",
Covington-Tipton County Chamber of Commerce ,,www.covington-tiptoncochamber.com,(901)476-9727, 106 W Liberty Ave," Covington, TN 38019 ",
Donelson-Hermitage Chamber of Commerce ,,www.donelsonhermitagechamber.com/about,(615)883-7896," 2900 Lebanon Rd, Suite 205 "," Nashville, TN 37214 ",
Farragut West Knox Chamber of Commerce ,,www.farragutchamber.com,(865)675-7057, PO Box 22461," Knoxville, TN 37933 ",
Fayette County Chamber of Commerce ,,www.fayettecountychamber.com,(901)465-8690, PO Box 411," Somerville, TN 38068 ",
Fentress County Chamber of Commerce ,,www.jamestowntn.org,(931)879-9948, 114 West Central Ave," Jamestown, TN 38556 ",
Franklin County Chamber of Commerce ,,www.franklincountychamber.com,(931)967-6788, PO Box 280," Winchester, TN 37398 ",
Germantown Area Chamber of Commerce ,,www.germantownchamber.com,(901)755-1200, 2195 Germantown Road South," Germantown, TN 38138 ",
Jefferson County Chamber of Commerce ,,www.jefferson-tn-chamber.org,(865)397-9642, PO Box 890," Dandridge, TN 37725 ",
Lakeland Area Chamber of Commerce ,,www.mylakelandchamber.org,(901)867-5411," 9160 Highway 64, Suite 12 #250 "," Lakeland, TN 38002 ",5 / 5
Lauderdale Chamber/Economic & Community Developmen ,,www.lauderdalecountytn.org,(731)635-9541, 123 South Jefferson St," Ripley, TN 38063 ",
Lebanon Wilson County Chamber of Commerce ,,,(615)444-5503, 149 Public Square," Lebanon, TN 37087 ",
Loudon County Chamber of Commerce Inc. ,,www.loudoncountychamberofcommerce.com,(865)458-2067, 318 Angel Row," Loudon, TN 37774 ",
Madison Rivergate Area Chamber ,,www.madisonrivergatechamber.com,(615)865-5400, 301 Madison Street," Madison, TN 37115 ",
Manchester Area Chamber of Commerce ,,www.macoc.org,(931)728-7635, 110 E Main St," Manchester, TN 37355 ",
Marshall County Chamber of Commerce ,,www.marshallchamber.org,(931)359-3863, 227 2nd Avenue North," Lewisburg, TN 37091 ",
Maury County Chamber & Economic Alliance ,,www.mauryalliance.com,(931)388-2155, PO Box 1076," Columbia, TN 38402 ",
McMinnville-Warren County Chamber of Commerce ,,www.warrentn.com,(931)473-6611, PO Box 574," McMinnville, TN 37110 ",
McNairy County Chamber of Commerce ,,www.mcnairy.com,(731)645-7476, 205 West Court Ave," Selmer, TN 38375 ",
Meigs County-Decatur Chamber of Commerce ,,www.meigscountytnchamber.org,(423)334-5496, PO Box 1301," Decatur, TN 37322 ",
Millington Area Chamber of Commerce ,,www.millingtonchamber.com,(901)872-1486," 7965 Veterans Pkwy, Suite 101 "," Millington, TN 38053 ",
Rutherford County Chamber of Commerce ,,www.rutherfordchamber.org/,(615)893-6565, 3050 Medical Center Pkwy," Murfreesboro, TN 37129 ",
Seymour-South Knoxville Chamber of Commerce ,,www.seymourtn.org,(865)661-8557, PO Box 438," Seymour, TN 37865 ",
Unicoi County Chamber of Commerce ,,www.unicoicounty.org,(423)743-3000, PO Box 713," Erwin, TN 37650 ",
Weakley County Chamber of Commerce ,,www.weakleycountychamber.com/,(731)364-3787, PO Box 67," Dresden, TN 38225 ",
Ardmore Chamber of Commerce ,,,, PO Box 845," Ardmore, TN 38449 ",4 / 5
Arlington Chamber of Commerce ,,arlingtontnchamber.com,(901)867-0545," 6220 Greenlee St, Ste 3b "," Arlington, TN 38002 ",
Bellevue Chamber of Commerce ,,,(615)662-2737," 157-A Belle Forest Cir, P.O. Box 210207, Nas "," Bellevue, TN 37221 ",
Brownsville-HaywoodCounty Chamber of Commerce ,,www.brownsville-haywoodtn.com,(731)772-2193, 121 W Main," Brownsville, TN 38012 ",
Byrdstown-pickett County Chamber of Commerce ,,www.dalehollow.com,(931)864-7195, 109 W Main St," Byrdstown, TN 38549 ",
Carroll County Chamber of Commerce ,,carrollcounty-tn-chamber.com,(731)986-4664, 20740 E Main St.," Huntingdon, TN 38344 ",
Cheatham County Chamber of Commerce ,,www.cheatham.org,(615)792-6722, 605-A N Main St.," Ashland City, TN 37015 ",
Chester County Chamber of Commerce ,,,(731)989-5222," 111 East Main St, P.O. Box 1976 "," Henderson, TN 38340 ",
Crockett County Chamber of Commerce ,,www.crockettchamber.com,(731)696-5120, 25 N Bells St," Alamo, TN 38001 ",
Dayton Chamber of Commerce ,,www.daytontnchamber.org,(423)775-0361, 107 Main St.," Dayton, TN 37321 ",
Decatur County Chamber of Commerce ,,www.decaturcountytennessee.org,(731)847-4202," 139 Tennessee Avenue North, P.O. Box 245 "," Parsons, TN 38363 ",
East Hawkins County Chamber of Commerce ,,,(423)357-6365, PO Box 1314," Church Hill, TN 37642 ",
Etowah Area Chamber of Commerce ,,www.etowahcoc.org,(423)263-2228, PO Box 458," Etowah, TN 37331 ",
Fairview Area Chamber of Commerce ,,,(615)544-0061, PO Box 711," Fairview, TN 37062 ",
Greater Gibson County Area Chamber of Commerce ,,"www.gibsoncountytnnet.com,www",(731)855-0973, 103 S Courtsquare," Trenton, TN 38382 ",
Greater Van Buren County-spencer Chamber of Commer ,,www.vanburenchamber.com,(931)946-7033, 90 Sparta St," Spencer, TN 38585 ",
GreenRidge Chamber of Commerce ,,www.greenridge.org,(615)643-6300, PO Box 611," Greenbrier, TN 37073 ",
Grundy County Chamber of Commerce ,,,, PO Box 387," Gruetli-Laager, TN 37339 ",
Hardeman County Chamber of Commerce ,,,(731)658-6554," 112 South Main St, #POBox313"," Bolivar, TN 38008 ",
Hartsville-Trousdale County Chamber of Commerce ,,www.hartsvilletrousdale.com,(615)374-9243," 28 Broadway, Rm 7 "," Hartsville, TN 37074 ",
Henderson County Chamber of Commerce ,,www.hctn.org,(731)968-2126, 149 Eastern Shores Dr.," Lexington, TN 38351 ",
Hickman County Chamber of Commerce ,,www.hickmanco.org,(931)729-5774, 405 W Public Square," Centerville, TN 37033 ",
Historic Cannon County Chamber of Commerce ,,,," 313 Main St., P.O. Box 140 "," Woodbury, TN 37190 ",
Houston County Chamber of Commerce ,,www.houstoncochamber.com,(931)289-5100, PO Box 603," Erin, TN 37061 ",
Humphreys County Area Chamber of Commerce ,,www.humphreyscountychamberofcommerce.com,(931)296-4865," 124 E Main St., P.O. Box 733 "," Waverly, TN 37185 ",
Jackson County Chamber of Commerce ,,www.gainesboro-jcchamber.com,(931)268-0971, PO Box 827," Gainesboro, TN 38562 ",
Johnson County Chamber of Commerce ,,johnsoncountychamber.org,(423)727-1700, PO Box 66," Mountain City, TN 37683 ",
Lake City Chamber of Commerce ,,,(865)426-9595, PO Box 1054," Lake City, TN 37769 ",
Lewis County Chamber of Commerce ,,,(931)796-4084, 112 E Main St.," Hohenwald, TN 38462 ",
Livingston-Overton County Chamber of Commerce ,,www.overtonco.com,(931)823-6421," 222 E Main St., P.O. Box 354 "," Livingston, TN 38570 ",
Lynchburg Chamber of Commerce ,,,(931)759-4111, PO Box 421," Lynchburg, TN 37352 ",
Macon County Chamber of Commerce ,,,(615)666-5885, 208 Church St.," Lafayette, TN 37083 ",
Marion County Chamber of Commerce ,,www.marioncountychamber.com,(423)942-5103," 302 Betsy Pack Dr, P.O. Box 789 "," Jasper, TN 37347 ",
Morgan County Chamber of Commerce ,,www.morgancotn.com,(423)346-5740," 3804 Morgan County Hwy, PO Box 539 "," Wartburg, TN 37887 ",
Pikeville-bledsoe County Chamber of Commerce ,,www.pikeville-bledsoe.com,(423)447-2791, PO Box 205," Pikeville, TN 37367 ",
Polk County Chamber of Commerce ,,www.ocoeecountry.com,, PO Box 960," Copperhill, TN 37317 ",
Polk County-Copper Basin Chamber of Commerce ,,www.ocoeetn.org,(423)338-5040, PO Box 560," Benton, TN 37307 ",
Reelfoot Area Chamber of Commerce ,,,(731)253-8144, 130 S Court St.," Tiptonville, TN 38079 ",
Ridgely Chamber of Commerce ,,,, 140 N Main St," Ridgely, TN 38080 ",
Rogersville/HawkinsCounty Chamber of Commerce ,,welcome.to/hawkinscounty,(423)272-2186," Firstar/Us Bank Bldg., 100 "," Rogersville, TN 37857 ",
Scott County Chamber of Commerce ,,scottcochamber.com,(423)569-6900, 19422 Alberta Ave.," Oneida, TN 37841 ",
Sequatchie County-Dunlap Chamber of Commerce ,,www.sequatchie.com,(423)949-7608, 13 Rankin Ave. N," Dunlap, TN 37327 ",
Shelbyville-Bedford County Chamber of Commerce ,,www.shelbyvilletn.com,(931)684-3482, 100 North Cannon Blvd.," Shelbyville, TN 37160 ",
Smith County Chamber of Commerce ,,www.smithcounty.net,(615)735-2093, 993 Upper Ferry Rd," Carthage, TN 37030 ",
Smithville-DeKalb County Chamber of Commerce ,,www.dekalbtn.com,(615)597-4163, PO Box 64," Smithville, TN 37166 ",
South Cumberland Chamber of Commerce ,,www.monteaglemtnchamber.com,(931)924-5353, 16 Dixie Lee Ave," Monteagle, TN 37356 ",
South Tipton CountyChamber of Commerce ,,,(901)837-4600, 1461 Munford-Atoka Ave.," Munford, TN 38058 ",
Spring City Chamber of Commerce ,,www.springcitychamberofcommerce.com,(423)365-5210, PO Box 355," Spring City, TN 37381 ",
Spring Hill Chamber of Commerce ,,www.springhillchamber.net,(931)486-0625, PO Box 1815," Spring Hill, TN 37174 ",
Stewart County Chamber of Commerce ,,www.stewartcountyvacation.com,(931)232-8290, PO Box 147," Dover, TN 37058 ",
Twin Cities Chamber of Commerce ,,fultonsouthfultonchamber.com,(731)479-7029, 700 Milton Counce Dr," South Fulton, TN 38257 ",
Union County Chamber of Commerce ,,www.comeherecomehome.com,(865)992-2811," 1001 Main St, PO Box 848 "," Maynardville, TN 37807 ",
Wartrace Chamber of Commerce ,,www.wartracechamber.org,(931)389-9999, PO Box 543," Wartrace, TN 37183 ",
Watertown-east Wilson County Chamber of Commerce ,,www.watertowntn.com,(615)237-0270, PO Box 5," Watertown, TN 37184 ",
Wayne County Chamber of Commerce ,,www.waynecountychamber.org,(931)722-9022, PO Box 675," Waynesboro, TN 38485 ",
Westmoreland Chamber of Commerce ,,,(615)644-1513, PO Box 536," Westmoreland, TN 37186 ",
